xml_id,entry_tag,type,title,authors,editors,pub_places,publishers,dates_text,date_attrs,notes,source_files,idno_varia,idno_riopac,idno_gnd,idno_geschichtsquellen,idno_handschriftencensus,idno_googlebooks,idno_gw,idno_uri,idno_opac_ri,idno_kalliope,idno_doi,idno_mdz,idno_dnb,idno_hathitrust,idno_bsb,idno_bsbink,idno_istc,idno_worldcat,idno_bavarikon,idno_archive,idno_dmgh
lassberg-literature-0001,bibl | biblStruct,contemporaryPublication,Fabeln aus den Zeiten der Minnesinger,"Johann Jakob Bodmer | Boner, Ulrich","Bodmer, Johann Jakob | Breitinger, Johann Jakob",Zürich,Orell und Compagnie,1757,when=1757,"Vorlageform des Erscheinungsvermerks: Zürich, auf Kosten der Gesellschaft gedruckt bey Orell und Compagnie.",lassberg-literature.xml | lassberg-literature.ENRICHED.xml,,,,,,,,https://digi.ub.uni-heidelberg.de/diglit/boner1757,,,,,,,,,,,,,
lassberg-literature-0002,bibl,historicalSource,Memorabilium omnis aetatis et omnium gentium chronici commentarii,Johannes Nauclerus,,,,1501-1514,,,lassberg-literature.xml | lassberg-literature.ENRICHED.xml,,,,https://www.geschichtsquellen.de/werk/3584,,,,,,,,,,,,,,,,,
lassberg-literature-0003,bibl,contemporaryPublication,Bischofzell: dargestellt nach seinem gegenwärtigen Zustande und seinen bisherigen Schicksalen. Thurgauer Neujahrsblatt 2,Johann Adam Pupikofer,,Frauenfeld,,1825,,,lassberg-literature.xml | lassberg-literature.ENRICHED.xml,,http://opac.regesta-imperii.de/id/892798,,,,,,,,,,,,,,,,,,,
lassberg-literature-0004,bibl,historicalSource,Klingenberger Chronik,,,,,1460,,,lassberg-literature.xml | lassberg-literature.ENRICHED.xml,,,https://d-nb.info/gnd/7576582-2,https://www.geschichtsquellen.de/werk/1096,https://handschriftencensus.de/werke/4111,,,,,,,,,,,,,,,,
lassberg-literature-0005,bibl,contemporaryPublication,Chronicon Helveticum,Aegidius Tschudi | Johann Rudolf Iselin,,Basel,,1734,,,lassberg-literature.xml | lassberg-literature.ENRICHED.xml,,,,,,,,,,,,,,,,,,,,,
lassberg-literature-0006,bibl,contemporaryPublication,Hallers kritischem Verzeichnisse aller Schriften,Gottlieb Emanuel Haller,,Bern,,1759–1770,,,lassberg-literature.xml | lassberg-literature.ENRICHED.xml,https://hallernet.org/data/publication/15002,,,,,,,,,,,,,,,,,,,,
lassberg-literature-0007,bibl,contemporaryPublication,Bibliothek der Schweizergeschichte,Gottlieb Emanuel Haller,,Bern,,1785,,,lassberg-literature.xml | lassberg-literature.ENRICHED.xml,,,,,,,,,,,,,,,,,,,,,
lassberg-literature-0008,bibl,contemporaryPublication,Von Auf- und Abgang der Herzogen von Zähringen.,Johannes Langhans,,Bern,,1642,,,lassberg-literature.xml | lassberg-literature.ENRICHED.xml,,,,,,,,,,,,,,,,,,,,,
lassberg-literature-0009,bibl,historicalSource,Habsburger-Chronik,Heinrich von Klingenberg,,,,1260-1306,,,lassberg-literature.xml | lassberg-literature.ENRICHED.xml,,,,http://www.geschichtsquellen.de/werk/2711,,,,,,,,,,,,,,,,,
lassberg-literature-0010,bibl | biblStruct,contemporaryPublication,Geschichte der Hohenstaufen und ihrer Zeit,Friedrich von Raumer,,Leipzig,F. A. Brockhaus,1823,from=1823;to=1825,,lassberg-literature.xml | lassberg-literature.ENRICHED.xml,,http://opac.regesta-imperii.de/id/40301,,,,https://books.google.com/books?id=264rc1A6GaEC,,,http://opac.regesta-imperii.de/id/40301,,,,,https://catalog.hathitrust.org/Record/000411685,,,,,,,
lassberg-literature-0011,bibl | biblStruct,contemporaryPublication,Monumenta Anecdota Historiam Germaniae Illustrantia | Monumenta anecdota historiam Germaniae illustrantia: ex sua bibliotheca aliisque edidit,Georg W. Zapf | Georg Wilhelm Zapf,,Augsburg,Deckardt,1785,when=1785,,lassberg-literature.xml | lassberg-literature.ENRICHED.xml,,,,,,https://books.google.com/books?id=_-JJD5KrK2cC,,,,,,,,,https://opacplus.bsb-muenchen.de/title/BV009362157,,,,,https://archive.org/details/bub_gb_A04VAAAAQAAJ,
lassberg-literature-0012,bibl | biblStruct,contemporaryPublication,"Episcopatus Constantiensis Alemannicus sub metropoli Moguntina chronologice et diplomatice illustratus | Episcopatus Constantiensis Alemannicus sub metropoli Moguntina, cum Vindonissensi cui successit, in Burgundia Transiurana provinciae Vesontinae olim fundato, chronologice et diplomatice illustratus",Trudpert Neugart | Franz Joseph Mone,Franz Joseph Mone,St. Blasien | S. Blasien | Freiburg im Breisgau,Typis S. Blasii | Herder,1803,when=1803 | when=1862,,lassberg-literature.xml | lassberg-literature.ENRICHED.xml,,http://opac.regesta-imperii.de/id/62260,,,,https://books.google.com/books?id=8VuYBN2ZrtIC | https://books.google.com/books?id=DcHK0BoPciIC,,,http://opac.regesta-imperii.de/id/62260,,,,,,https://www.digitale-sammlungen.de/en/details/bsb10004576,,,,,,
lassberg-literature-0013,bibl | biblStruct,unknown,Unbekannt,Unbekannt,,Unbekannt,,Unbekannt,,,lassberg-literature.xml | lassberg-literature.ENRICHED.xml,,,,,,,,,,,,,,,,,,,,,
lassberg-literature-0014,bibl | biblStruct,contemporaryPublication | historicalSource,"Die Berner Chronik. | Berner Chronik | Bern, Burgerbibliothek, Mss.h.h.I.4 (Amtliche Abschrift durch Paul Anshelm u. a.) | Berner Chronik, vom Anfang der Stadt bis 1526 | Die Berner Chronik des Valerius Anshelm",Valerius Anshelm,Rudolf Emanuel Stierlin | Johann Rudolf Wyss | Emil Bloesch | Historischer Verein des Kantons Bern,Bern,L. A. Haller | K. J. Wyss,1884-1901,notBefore=1529;notAfter=1547 | when=1546-05-01 | from=1825;to=1833 | from=1884;to=1901,,lassberg-literature.xml | lassberg-literature.ENRICHED.xml,,http://opac.regesta-imperii.de/id/26220,,,,https://books.google.com/books?id=2UAPAAAAQAAJ | https://books.google.com/books?id=bAs3AQAAMAAJ,,https://katalog.burgerbib.ch/detail.aspx?ID=31485,http://opac.regesta-imperii.de/id/26220,,,,,https://catalog.hathitrust.org/Record/012142458,,,,,,https://archive.org/details/valeriusanshelms02ansh,
lassberg-literature-0015,bibl,historicalSource,Reisebericht,Gabriel Tetzel,,,,1465-1479,,,lassberg-literature.xml | lassberg-literature.ENRICHED.xml,,,,https://www.geschichtsquellen.de/werk/4467,https://handschriftencensus.de/werke/5853,,,,,,,,,,,,,,,,
lassberg-literature-0016,bibl,historicalSource,Casus monasterii Petrishusensis,,,,,976,,,lassberg-literature.xml | lassberg-literature.ENRICHED.xml,,,,https://www.geschichtsquellen.de/werk/812,,,,,,,,,,,,,,,,,
lassberg-literature-0017,bibl,contemporaryPublication,Germaniae Sacrae Prodromus. Seu Collectio Monumentorum Res Alemannicas Illustrantium.,Aemilian Ussermann,,St. Blasien,,1790,,,lassberg-literature.xml | lassberg-literature.ENRICHED.xml,,,,,,,,,,,,,,,,,,,,,
lassberg-literature-0018,bibl,historicalSource,Chronik der Stadt und Landschaft Schaffhausen,Johann Jakob Rüeger,,,,,,,lassberg-literature.xml | lassberg-literature.ENRICHED.xml,https://de.wikipedia.org/wiki/Johann_Jakob_R%C3%BCeger,,,,,,,,,,,,,,,,,,,,
lassberg-literature-0019,bibl,historicalSource,Notitia dignitatum,,,,,,,,lassberg-literature.xml | lassberg-literature.ENRICHED.xml,https://de.wikipedia.org/wiki/Notitia_dignitatum,,,,,,,,,,,,,,,,,,,,
lassberg-literature-0020,bibl,contemporaryPublication,Deutsche Grammatik.,"Grimm, Jacob",,Göttingen,,1822-1836,,,lassberg-literature.xml | lassberg-literature.ENRICHED.xml,,,,,,,,,,,,,,,,,,,,,
lassberg-literature-0021,bibl,contemporaryPublication,Gottfrieds von Straßburg Werke aus den beßten Handschriften mit Einleitung und Wörterbuch herausgegeben durch F.H.v.d.H.,Friedrich Heinrich von der Hagen | Gottfrieds von Straßburg,,Breslau,,1823,,,lassberg-literature.xml | lassberg-literature.ENRICHED.xml,,,,,,https://books.google.dk/books?id=aUEJAAAAQAAJ&hl | https://books.google.dk/books?id=aUEJAAAAQAAJhl,,,,,,,,,,,,,,,
lassberg-literature-0022,bibl,contemporaryPublication,"Lieder-Saal, das ist: Sammelung altteutscher Gedichte",Joseph von Laßberg,,Konstanz,,1825,,,lassberg-literature.xml | lassberg-literature.ENRICHED.xml,http://dl.ub.uni-freiburg.de/diglit/liedersaal1825-3,,,,,,,,,,,,,,,,,,,,
lassberg-literature-0023,bibl,contemporaryPublication,Das Nibelungenlied.,Karl Simrock,,Berlin,,1827,,,lassberg-literature.xml | lassberg-literature.ENRICHED.xml,,,,,,,,,,,,,,,,,,,,,
lassberg-literature-0024,bibl,contemporaryPublication,"Allgemeine Kirchenzeitung. Will,",,,Darmstadt,,,,,lassberg-literature.xml | lassberg-literature.ENRICHED.xml,,,,,,,,,,,,,,,,,,,,,
lassberg-literature-0025,bibl,historicalSource,Sermones in lingua vulgari.,Berthold von Regensburg,,,,um 1275,,,lassberg-literature.xml | lassberg-literature.ENRICHED.xml,,,,https://www.geschichtsquellen.de/werk/640,,,,,,,,,,,,,,,,,
lassberg-literature-0026,bibl,contemporaryPublication,"Samlung deutscher Gedichte aus dem XII., XIII. und XIV. Jahrhundert. 3 Bde.",Christoph Heinrich Myller,,Berlin,,1784-1787,,,lassberg-literature.xml | lassberg-literature.ENRICHED.xml,https://www.digitale-sammlungen.de/de/details/bsb10057384,,,,,,,,,,,,,,,,,,,,
lassberg-literature-0027,bibl,contemporaryPublication,Literarischer Grundriß zur Geschichte der deutschen Poesie: von der ältesten Zeit bis in das sechzehnte Jahrhundert,Friedrich Heinrich von der Hagen | Johann Gustav Büsching,,,,1812,,,lassberg-literature.xml | lassberg-literature.ENRICHED.xml,,,,,,,,,,,,,,,,,,,,,
lassberg-literature-0028,bibl,historicalSource,Tristan,Gottfried von Straßburg,,,,um 1210,,,lassberg-literature.xml | lassberg-literature.ENRICHED.xml,https://de.wikipedia.org/wiki/Tristan_(Gottfried_von_Stra%C3%9Fburg),,,,,,,,,,,,,,,,,,,,
lassberg-literature-0029,bibl,historicalSource,Der arme Heinrich.,Hartmann von Aue,,,,um 1190,,,lassberg-literature.xml | lassberg-literature.ENRICHED.xml,https://de.wikipedia.org/wiki/Der_arme_Heinrich,,,,,,,,,,,,,,,,,,,,
lassberg-literature-0030,bibl,contemporaryPublication,Corpus historicum medii aevi sive Scriptores res.. . praecipue in Germania.. . illustrantes (Vol. 1-2).,Johann Georg Eccard,,Leipzig,,1723,,,lassberg-literature.xml | lassberg-literature.ENRICHED.xml,,http://opac.regesta-imperii.de/id/1240506,,,,,,,,,,,,,,,,,,,
lassberg-literature-0031,bibl,contemporaryPublication,Bilder und Schriften der Vorzeit.,Ulrich Friedrich Kopp,,Mannheim,,1819,,,lassberg-literature.xml | lassberg-literature.ENRICHED.xml,https://doi.org/10.11588/diglit.4807,,,,,,,,,,,,,,,,,,,,
lassberg-literature-0032,bibl,historicalSource,Cronick des gotzhuses Rychenowe.,Gallus Öhem,,Reichenau,,1480-1505,,,lassberg-literature.xml | lassberg-literature.ENRICHED.xml,,,,https://www.geschichtsquellen.de/werk/3828,,,,,,,,,,,,,,,,,
lassberg-literature-0033,bibl,historicalSource,Continuatio Chronici Hermanni Contracti,,,Reichenau,,1070-1102,,,lassberg-literature.xml | lassberg-literature.ENRICHED.xml,,,,https://www.geschichtsquellen.de/werk/5753,,,,,,,,,,,,,,,,,
lassberg-literature-0034,bibl,contemporaryPublication,Genealogia diplomatica augustae gentis Habsburgicae (Vol. 1-3).,Marquard Herrgott,,Wien,,1737,,,lassberg-literature.xml | lassberg-literature.ENRICHED.xml,,http://opac.regesta-imperii.de/id/47167,,,,,,,,,,,,,,,,,,,
lassberg-literature-0035,bibl,contemporaryPublication,"Gemeiner loblicher Eidgenossenschaft Städten, Landen und Völkern Chronik würdiger Taten beschreibung.",Johannes Stumpf,,Zürich,,1548,,,lassberg-literature.xml | lassberg-literature.ENRICHED.xml,,,,,,,,,,,,,,,,,,,,,
lassberg-literature-0036,bibl,contemporaryPublication,"Annales et chronica aevi Carolini. (Monumenta Germaniae Historica. Scriptores in Folio, 1).",Georg Heinrich Pertz,,Hannover,,1826,,,lassberg-literature.xml | lassberg-literature.ENRICHED.xml,,http://opac.regesta-imperii.de/id/114578,,,,,,,,,,,,,,,,,,,
lassberg-literature-0037,bibl,contemporaryPublication,"Thesaurus Antiquitatum Tevtonicarum, Ecclesiasticarum, Civilium, Litterariarum. 3, Glossarium Ad Scriptores Linguae Francicae Et Alemannicae Veteris... .",Johann Schilter,,Ulm,,1728,,,lassberg-literature.xml | lassberg-literature.ENRICHED.xml,,,,,,,,,,,,,,,,,,,,,
lassberg-literature-0038,bibl,contemporaryPublication,"Ueberlieferungen zur Geschichte, Literatur und Kunst der Vor- und Mitwelt.",Friedrich Adolph Ebert,,Dresden,,1826,,,lassberg-literature.xml | lassberg-literature.ENRICHED.xml,,,,,,,,,,,,,,,,,,,,,
lassberg-literature-0039,bibl,historicalSource,Vulcans Jornandes (?),,,,,,,,lassberg-literature.xml | lassberg-literature.ENRICHED.xml,,,,,,,,,,,,,,,,,,,,,
lassberg-literature-0040,bibl,contemporaryPublication,Idunna und Hermode: ein alterthumszeitung.,Friedrich David Gräter,,Breslau,,1812,,,lassberg-literature.xml | lassberg-literature.ENRICHED.xml,,,,,,,,,,,,,,,,,,,,,
lassberg-literature-0041,bibl,historicalSource,Chronicarum libri IV (unbekannte Ausgabe),Pseudo-Fredegar,,,,613-770,,,lassberg-literature.xml | lassberg-literature.ENRICHED.xml,,,,https://www.geschichtsquellen.de/werk/2355,,,,,,,,,,,,,,,,,
lassberg-literature-0042,bibl,historicalSource,Historia Francorum (unbekannte Ausgabe),Aimoin von Fleury,,,,um 965-1000,,,lassberg-literature.xml | lassberg-literature.ENRICHED.xml,,,,,,,,,,,,,,,,,,,,,
lassberg-literature-0043,bibl,historicalSource,Notkeri Balbuli vita Caroli M. (unbekannte Ausgabe),Notkerus Balbulus,,,,883-887,,,lassberg-literature.xml | lassberg-literature.ENRICHED.xml,,,,https://www.geschichtsquellen.de/werk/3792,,,,,,,,,,,,,,,,,
lassberg-literature-0044,bibl,contemporaryPublication,Geschichte des Thurgaus.,Johann Adam Pupikofer,,Bischofzell | Zürich,,1828–1830,,,lassberg-literature.xml | lassberg-literature.ENRICHED.xml,,,,,,,,,,,,,,,,,,,,,
lassberg-literature-0045,bibl,contemporaryPublication,"Tagebuch einer zweiten Reise [im Jahr 1825] über Paris nach London und einigen Fabrikstädten Englands vorzüglich in technologischer Hinsicht / von Johann Conrad Fischer, Oberstlieutenant der Artillerie.",Johann Conrad Fischer,,Aarau,,1826,,,lassberg-literature.xml | lassberg-literature.ENRICHED.xml,https://doi.org/10.3931/e-rara-61119,,,,,,,,,,,,,,,,,,,,
lassberg-literature-0046,bibl,contemporaryPublication,"Glossarium Germanicum medii aevi, maximam partem e diplomatibus multis praeterea aliis monumentis ... adornatum in 1 Bd. (Vol. 1-2).",Christian Gottlob Haltaus,,Leipzig,,1758,,,lassberg-literature.xml | lassberg-literature.ENRICHED.xml,,http://opac.regesta-imperii.de/id/60354,,,,,,,,,,,,,,,,,,,
lassberg-literature-0047,bibl,contemporaryPublication,Annales des Sciences Naturelles (Zeitschrift),,,,,,,,lassberg-literature.xml | lassberg-literature.ENRICHED.xml,https://en.wikipedia.org/wiki/Annales_des_Sciences_Naturelles,,,,,,,,,,,,,,,,,,,,
lassberg-literature-0048,bibl,contemporaryPublication,Isis (Zeitschrift),,,,,,,,lassberg-literature.xml | lassberg-literature.ENRICHED.xml,"https://de.wikipedia.org/wiki/Isis_(Zeitschrift,_1816)",,,,,,,,,,,,,,,,,,,,
lassberg-literature-0049,bibl,contemporaryPublication,Bucelinus (genaues Werk unbekannt),Gabriel Bucelinus,,,,,,,lassberg-literature.xml | lassberg-literature.ENRICHED.xml,,,,,,,,,,,,,,,,,,,,,
lassberg-literature-0050,bibl,contemporaryPublication,Schaffhauser Zeitung (Unbekannt),,,,,,,,lassberg-literature.xml | lassberg-literature.ENRICHED.xml,,,,,,,,,,,,,,,,,,,,,
lassberg-literature-0051,bibl,contemporaryPublication,Thurgauer Zeitung,,,,,,,,lassberg-literature.xml | lassberg-literature.ENRICHED.xml,https://de.wikipedia.org/wiki/Thurgauer_Zeitung,,,,,,,,,,,,,,,,,,,,
lassberg-literature-0052,bibl,contemporaryPublication,Reisewerk des Herrn Schwab (Unbekannt),,,,,,,,lassberg-literature.xml | lassberg-literature.ENRICHED.xml,,,,,,,,,,,,,,,,,,,,,
lassberg-literature-0053,bibl,contemporaryPublication,"Ein Volksbüchlein. Band 1,",Ludwig Aurbacher,,München,,1827,,,lassberg-literature.xml | lassberg-literature.ENRICHED.xml,,,,,,,,,,,,,,,,,,,,,
lassberg-literature-0054,bibl,contemporaryPublication,"Jahresbericht der Schweizerischen naturforschenden Gesellschaft 12, 1826.",Schweizerischen naturforschende Gesellschaft,,Chur,,1826,,,lassberg-literature.xml | lassberg-literature.ENRICHED.xml,https://www.e-periodica.ch/digbib/view?pid=sng-004%3A1826%3A12#3,,,,,,,,,,,,,,,,,,,,
lassberg-literature-0055,bibl,contemporaryPublication,Wüstischen Katalog von Zürich (Unbekannter Verkaufskatalog),,,,,,,,lassberg-literature.xml | lassberg-literature.ENRICHED.xml,,,,,,,,,,,,,,,,,,,,,
lassberg-literature-0056,bibl,contemporaryPublication,Helvetia Sancta.,Heinrich Murer,,Luzern,,1648,,,lassberg-literature.xml | lassberg-literature.ENRICHED.xml,,,,,,,,,,,,,,,,,,,,,
lassberg-literature-0057,bibl,contemporaryPublication,"Abriß der Sitten und Gebräuche aller Nazionen oder kurze Darstellungen der merkwürdigsten menschlichen Wohnplätze, Beschäftigungen und Gewohnheiten in den fünf Theilen der Welt.",Carl Lang,,Nürnberg,,1809,,,lassberg-literature.xml | lassberg-literature.ENRICHED.xml,,,,,,,,,,,,,,,,,,,,,
lassberg-literature-0058,bibl,contemporaryPublication,Einsiedlische Chronik oder Geschichte des Stiftes und der Wallfahrt zu Maria Einsiedeln. Vorzüglich für Wallfahrter.,P. Joseph Tschudi,,Einsiedeln,,1823,,,lassberg-literature.xml | lassberg-literature.ENRICHED.xml,,,,,,,,,,,,,,,,,,,,,
lassberg-literature-0059,bibl,contemporaryPublication,"Antiquae Lectionis Tomus... Teil: 1: In Quo XVI. Antiqua Monumenta Ad Historiam Mediae Aetatis Illustrandam, Nunquam Edita Ingolstadiensi.",Heinrich Canisius,,Ingolstadt,,1601,,,lassberg-literature.xml | lassberg-literature.ENRICHED.xml,,,,,,,,,,,,,,,,,,,,,
lassberg-literature-0060,bibl,historicalSource,Gesta Karoli (Dublette),,,,,,,,lassberg-literature.xml | lassberg-literature.ENRICHED.xml,,,,https://www.geschichtsquellen.de/werk/3792,,,,,,,,,,,,,,,,,
lassberg-literature-0061,bibl,contemporaryPublication,Antiquarischer Katalog (Jahr unbekannt).,Ferdinand Steinkopf,,,,,,,lassberg-literature.xml | lassberg-literature.ENRICHED.xml,,,,,,,,,,,,,,,,,,,,,
lassberg-literature-0062,bibl,contemporaryPublication,"Der Bär, als Wappen des Kantons Appenzell. In: Appenzellisches Monatsblatt 3 Heft 2 (1827), S. 21-26.",,,Frauenfeld,,1827,,,lassberg-literature.xml | lassberg-literature.ENRICHED.xml,https://doi.org/10.5169/seals-542143,,,,,,,,,,,,,,,,,,,,
lassberg-literature-0063,bibl,contemporaryPublication,"Thesaurus monumentorum ecclesiasticorum et historicorum, sive Henrici Canisii lectiones antiquae. Band: 2,2.",Jacob Basnage | Heinrich Canisius,,Antwerpen,,1725,,,lassberg-literature.xml | lassberg-literature.ENRICHED.xml,https://gateway-bayern.de/BV011139785,,,,,,,,,,,,,,,,,,,,
lassberg-literature-0064,bibl,contemporaryPublication,"Sancti Georgii Florentii Gregorii Episcopi Turonensis Opera Omnia, Luteciae Parisiorum 1699.",Thierry Ruinart,,Paris,,1699,,,lassberg-literature.xml | lassberg-literature.ENRICHED.xml,,,,,,,,,,,,,,,,,,,,,
lassberg-literature-0065,bibl,contemporaryPublication,Helvetia: Denkwürdigkeiten für die XXII Freistaaten der Schweizerischen Eidgenossenschaft,,,,,,,,lassberg-literature.xml | lassberg-literature.ENRICHED.xml,https://swisscollections.ch/Record/991086841629705501,,,,,,,,,,,,,,,,,,,,
lassberg-literature-0066,bibl,contemporaryPublication,Historia Nigrae Silvae Ordinis Sancti Benedicti Coloniae. Teil: 3: Codex Diplomaticus Distoriae Silvae Nigrae.,Martin Gerbert,,St. Blasien,,1793,,,lassberg-literature.xml | lassberg-literature.ENRICHED.xml,,,,,,,,,,,,,,,,,,,,,
lassberg-literature-0067,bibl,contemporaryPublication,Codex Epistolaris Rudolphi I. Romanorum Regis.,Martin Gerbert,,St. Blasien,,1772,,,lassberg-literature.xml | lassberg-literature.ENRICHED.xml,,,,,,,,,,,,,,,,,,,,,
lassberg-literature-0068,bibl,historicalSource,Appenzeller Reimchronik,,,,,1404-1405,,,lassberg-literature.xml | lassberg-literature.ENRICHED.xml,,,https://d-nb.info/gnd/1266926364,https://www.geschichtsquellen.de/werk/4132,https://handschriftencensus.de/werke/649,,,,,,,,,,,,,,,,
lassberg-literature-0069,bibl,historicalSource,Weingartner Kaiserchronik,,,,,1190-1208,,,lassberg-literature.xml | lassberg-literature.ENRICHED.xml,,,,https://www.geschichtsquellen.de/werk/5238,,,,,,,,,,,,,,,,,
lassberg-literature-0070,bibl,historicalSource,Historia Welforum,,,,,1170-1191,,,lassberg-literature.xml | lassberg-literature.ENRICHED.xml,,,,https://www.geschichtsquellen.de/werk/2909,,,,,,,,,,,,,,,,,
lassberg-literature-0071,bibl,historicalSource,Annales,,,,,um 1250-1305,,,lassberg-literature.xml | lassberg-literature.ENRICHED.xml,,,,https://www.geschichtsquellen.de/werk/2764,,,,,,,,,,,,,,,,,
lassberg-literature-0072,bibl,contemporaryPublication,Velser,,,,,,,,lassberg-literature.xml | lassberg-literature.ENRICHED.xml,,,,,,,,,,,,,,,,,,,,,
lassberg-literature-0073,bibl,historicalSource,Annales,,,,,1290-1305,,,lassberg-literature.xml | lassberg-literature.ENRICHED.xml,,,,https://www.geschichtsquellen.de/werk/2059,,,,,,,,,,,,,,,,,
lassberg-literature-0074,bibl,contemporaryPublication,Morgenblatt für gebildete Stände,,,Stuttgart,,1812,,,lassberg-literature.xml | lassberg-literature.ENRICHED.xml,,,https://d-nb.info/gnd/4345483-5,,,,,,,,,,,,,,,,,,
lassberg-literature-0075,bibl,contemporaryPublication,Codex Diplomaticus Alemanniae et Burgundiae Trans-Iuranae intra fines doecesis Constantiensis,Trudpert Neugart,,,,1791-1795,,,lassberg-literature.xml | lassberg-literature.ENRICHED.xml,,,,,,,,,,,,,,,,,,,,,
lassberg-literature-0076,bibl,contemporaryPublication,Diviko und das Wunderhorn oder die Lemanschlacht. Ein deutsches National-Heldengedicht von Dr. Joseph Anton Henne aus Sargans in der Schweiz.,,,,,1826,,,lassberg-literature.xml | lassberg-literature.ENRICHED.xml,,,,,,,,,,,,,,,,,,,,,
lassberg-literature-0077,bibl,contemporaryPublication,Rerum Italicarum scriptores,,,,,1723-1770,,,lassberg-literature.xml | lassberg-literature.ENRICHED.xml,,,,,,,,,,,,,,,,,,,,,
lassberg-literature-0078,bibl,contemporaryPublication,Biographie universelle ou dictionnaire de tous les hommes,,,,,1843,,,lassberg-literature.xml | lassberg-literature.ENRICHED.xml,,,,,,,,,,,,,,,,,,,,,
lassberg-literature-0079,bibl,historicalSource,Alexandreis,,,,,,,,lassberg-literature.xml | lassberg-literature.ENRICHED.xml,https://de.wikipedia.org/wiki/Alexandreis,,,,,,,,,,,,,,,,,,,,
lassberg-literature-0080,bibl,contemporaryPublication,Thurgauer Neujahrsblatt,,,,,1824-1856,,,lassberg-literature.xml | lassberg-literature.ENRICHED.xml,,http://opac.regesta-imperii.de/id/892796,,,,,,,,,,,,,,,,,,,
lassberg-literature-0081,bibl,contemporaryPublication,Williram's Uebersetzung und Auslegung des Hohenliedes,,,,,1827,,,lassberg-literature.xml | lassberg-literature.ENRICHED.xml,,,,,,,,,,,,,,,,,,,,,
lassberg-literature-0082,bibl,contemporaryPublication,"Archiv der Gesellschaft für Ältere Deutsche Geschichtkunde zur Beförderung einer Gesammtausgabe der Quellenschriften deutscher Geschichten des Mittelalters, Bd. 5",,,,,1824,,,lassberg-literature.xml | lassberg-literature.ENRICHED.xml,,,,,,,,,,,,,,,,,,,,,
lassberg-literature-0083,bibl,contemporaryPublication,Schwäbische Merkur,,,,,1785-1941,,,lassberg-literature.xml | lassberg-literature.ENRICHED.xml,,,,,,,,,,,,,,,,,,,,,
lassberg-literature-0084,bibl,historicalSource,Chronik des Konstanzer Konzils,,,,,,,,lassberg-literature.xml | lassberg-literature.ENRICHED.xml,,,,https://www.geschichtsquellen.de/werk/4591,,,,,,,,,,,,,,,,,
lassberg-literature-0085,bibl,contemporaryPublication,Deutsche Rechtsalterthümer,,,,,1828,,,lassberg-literature.xml | lassberg-literature.ENRICHED.xml,,,,,,,,,,,,,,,,,,,,,
lassberg-literature-0086,bibl,contemporaryPublication,Monumenta Boica,,,,,1763-1836,,,lassberg-literature.xml | lassberg-literature.ENRICHED.xml,,http://opac.regesta-imperii.de/id/99537,,,,,,,,,,,,,,,,,,,
lassberg-literature-0087,bibl,contemporaryPublication,Schweizerisches Idiotikon: mit etymologischen Bemerkungen untermischt : samt einem Anhange der verkürzten Taufnamen,,,,,1994,,,lassberg-literature.xml | lassberg-literature.ENRICHED.xml,,,,,,,,,,,,,,,,,,,,,
lassberg-literature-0088,bibl,contemporaryPublication,"Dissertatio Inauguralis Juridica De Fontibus Juris Romani: Derivatis Ex Historica Indagine Legis Necessarium, Digestorum De Origine Juris, & omnium Magistratuum, & Successione Prudentium, Nec Non Aliis, Tam Veteris, Quam Recentioris Jurisprudentiae Scaturiginibus & Monumentis | Dissertatio Inauguralis Juridica De Fontibus Juris Romani: Derivatis Ex Historica Indagine Legis Necessarium, Digestorum De Origine Juris, omnium Magistratuum, Successione Prudentium, Nec Non Aliis, Tam Veteris, Quam Recentioris Jurisprudentiae Scaturiginibus Monumentis",,,,,1747,,,lassberg-literature.xml | lassberg-literature.ENRICHED.xml,,,,,,,,,,,,,,,,,,,,,
lassberg-literature-0089,bibl,contemporaryPublication,Chartarium Dertonense,,,,,1814,,,lassberg-literature.xml | lassberg-literature.ENRICHED.xml,,,,,,,,,,,,,,,,,,,,,
lassberg-literature-0090,bibl,contemporaryPublication,Historisch-Theologischer Grund-Riß Der alt- und jeweiligen Christlichen Welt,,,,,1692,,,lassberg-literature.xml | lassberg-literature.ENRICHED.xml,,,,,,,,,,,,,,,,,,,,,
lassberg-literature-0091,bibl,contemporaryPublication,Der Reiter und der Bodensee. In: Gedichte,,,,,1828,,,lassberg-literature.xml | lassberg-literature.ENRICHED.xml,,,,,,,,,,,,,,,,,,,,,
lassberg-literature-0092,bibl,historicalSource,Ligurinus,,,,,1181-1187,,,lassberg-literature.xml | lassberg-literature.ENRICHED.xml,,,,https://geschichtsquellen.de/werk/2585,,,,,,,,,,,,,,,,,
lassberg-literature-0093,bibl,contemporaryPublication,Guntheri poetae Ligurinus sive de rebus gestis Imperatoris Caesaris Friderici Primi Aug. Cognomento Aenobarbi : libri decem. 1,,,,,1812,,,lassberg-literature.xml | lassberg-literature.ENRICHED.xml,,,,,,,,,,,,,,,,,,,,,
lassberg-literature-0094,bibl,historicalSource,Anniversarium Sulgensi,,,,,,,,lassberg-literature.xml | lassberg-literature.ENRICHED.xml,,,,,,,,,,,,,,,,,,,,,
lassberg-literature-0095,bibl,historicalSource,Anniversarium Hütlingense,,,,,,,,lassberg-literature.xml | lassberg-literature.ENRICHED.xml,,,,,,,,,,,,,,,,,,,,,
lassberg-literature-0096,bibl,contemporaryPublication,Monumentorum Guelficorum,,,,,1784,,,lassberg-literature.xml | lassberg-literature.ENRICHED.xml,,,,,,,,,,,,,,,,,,,,,
lassberg-literature-0097,bibl,contemporaryPublication,Walther von der Vogelweide,,,,,1827,,,lassberg-literature.xml | lassberg-literature.ENRICHED.xml,,,,,,,,,,,,,,,,,,,,,
lassberg-literature-0098,bibl,contemporaryPublication,Erik Gustaf Geijer's Geschichte von Schweden,,,,,1826,,,lassberg-literature.xml | lassberg-literature.ENRICHED.xml,,,,,,,,,,,,,,,,,,,,,
lassberg-literature-0099,bibl,contemporaryPublication,Geschichte der Schweizer Kirchentrennung,,,,,1825–29,,,lassberg-literature.xml | lassberg-literature.ENRICHED.xml,,,,,,,,,,,,,,,,,,,,,
lassberg-literature-0100,bibl | biblStruct,historicalSource,"Die Fehde des Grafen Friedrich von Zollern | Karlsruhe, Badische Landesbibliothek, Cod. Donaueschingen 111a | Ein schoen alt Lied von Grave Friz von Zolre, dem Oettinger, und der Belagerung von Hohen Zolren, nebst noch etlichen andern Liedern | Die Zerstörung der Burg Hohenzollern | Germania. Herausgegeben von der Berlinischen Gesellschaft für Deutsche Sprache und Alterthumskunde | Die Zerstörung von Hohenzollern | Die historischen Volkslieder der Deutschen vom 13. bis 16. Jahrhundert | Fehde zwischen Rottweil und Graf Friedrich von Zollern | Geschichtliche Lieder und Sprüche Württembergs",Konrad Silberdraht | Konrad Silberdrat,Joseph von Laßberg | Rochus von Liliencron | Karl Steiff | Gebhard Mehring,Leipzig | Stuttgart,,,from=1422;to=1423 | notBefore=1400;notAfter=1499 | when=1842 | when=1844 | when=1865 | when=1912,Modernisierte Fassung (A. Zeune).,lassberg-literature.xml | lassberg-literature.ENRICHED.xml,,,,https://geschichtsquellen.de/werk/5253,https://handschriftencensus.de/werke/3983,,,http://digital.blb-karlsruhe.de/id/1464445 | https://gateway-bayern.de/BV012184336 | https://commons.wikimedia.org/wiki/File:Geschichtliche_Lieder_und_Spr%C3%BCche_W%C3%BCrttembergs_(1912).pdf,,,,,,,,,,,,https://archive.org/details/diehistorischen01liligoog,
lassberg-literature-0101,bibl | biblStruct,contemporaryPublication,"Ein schoen alt Lied von Grave Friz von Zolre, dem Oettinger, und der Belagerung von Hohen Zolren | Ein schoen alt Lied von Grave Friz von Zolre, dem Oettinger, und der Belagerung von Hohen Zolren: nebst noch etlichen andern Liedern",Joseph von Laßberg,Joseph von Laßberg,S.l.,,1842,when=1842,Herausgegeben unter dem Pseudonym „alter Meister Sepp“.,lassberg-literature.xml | lassberg-literature.ENRICHED.xml,https://gateway-bayern.de/BV012184336,,,,,https://books.google.com/books?id=bn47AAAAcAAJ,,https://gateway-bayern.de/BV012184336,,,,,,https://catalog.hathitrust.org/Record/006094297,https://www.digitale-sammlungen.de/details/bsb10124838,,,,,,
lassberg-literature-0102,bibl | biblStruct,historicalSource,"Martyrologium | Paris, Bibliothèque nationale de France, lat. 13745 (Martyrologium Usuardi) | Martyrologium Usuardi Monachi | Martyrologium Usuardi | Patrologia Latina",Usuard,Jean-Baptiste Du Sollier | Jacques Bouillart | J.-P. Migne,Paris | Antverpiae | Parisiis,,,notBefore=0855;notAfter=0865 | notBefore=0860;notAfter=0879 | when=1714 | when=1718 | when=1844,,lassberg-literature.xml | lassberg-literature.ENRICHED.xml,,,,https://geschichtsquellen.de/werk/3450,,,,https://archivesetmanuscrits.bnf.fr/ark:/12148/cc34693m | https://www.digitale-sammlungen.de/en/view/bsb11338846 | https://studylight.org/encyclopedias/eng/tce/m/martyrology-of-usuard.html | https://www.digitale-sammlungen.de/en/view/bsb10189112,,,,,,,,,,,,,
lassberg-literature-0103,bibl | biblStruct,contemporaryPublication,Baseler Zeitung | Basler Zeitung,,,Basel,Stuckert,,from=1831;to=1859,,lassberg-literature.xml | lassberg-literature.ENRICHED.xml,https://hls-dhs-dss.ch/de/articles/024762/2002-07-03/,,,,,,,https://hls-dhs-dss.ch/articles/024762,,,,,,,,,,,,,
lassberg-literature-0104,bibl | biblStruct,historicalSource,"Martyrologium | München, Bayerische Staatsbibliothek, Clm 15818 (Martyrologium Bedae) | Martyrologium Venerabilis Bedae Presbyteri | Édition pratique des martyrologes de Bède, de l’Anonyme lyonnais et de Florus",Beda Venerabilis,Dom Jacques Dubois | Geneviève Renaud,München | Antverpiae | Paris,Christophorus Plantinus | Éditions du Centre national de la recherche scientifique,,notBefore=0800;notAfter=0899 | when=1564 | when=1976,,lassberg-literature.xml | lassberg-literature.ENRICHED.xml,,,,,,https://books.google.com/books?id=bqY8AAAAYAAJ,,https://www.mirabileweb.it/manuscript/m%C3%BCnchen-bayerische-staatsbibliothek-clm-15818-manuscript/115092,,,,,,,https://www.digitale-sammlungen.de/de/view/bsb10208970,,,,,,
lassberg-literature-0105,bibl | biblStruct,contemporaryPublication,Geschichte der poetischen National-Literatur der Deutschen,Georg Gottfried Gervinus,,Leipzig,W. Engelmann,1835–1842,from=1835;to=1842,,lassberg-literature.xml | lassberg-literature.ENRICHED.xml,,,,,,https://books.google.com/books?id=emdld-05I6sC,,,,,,,,https://catalog.hathitrust.org/Record/009730707,https://www.digitale-sammlungen.de/de/view/bsb10108710 | https://www.digitale-sammlungen.de/de/view/bsb11093809,,,https://search.worldcat.org/title/611199235,,,
lassberg-literature-0106,bibl | biblStruct,contemporaryPublication,Lateinische Gedichte des X. und XI. Jh. | Lateinische Gedichte des X. und XI. Jahrhunderts,Jacob Grimm,Jacob Grimm | Johann Andreas Schmeller,Göttingen,Dieterichsche Buchhandlung,1838,when=1838,,lassberg-literature.xml | lassberg-literature.ENRICHED.xml,,,,,,https://books.google.de/books?id=b0hNW6DYAj8C,,,,,,,,,,,,,,https://archive.org/details/lateinischegedi00schmgoog,
lassberg-literature-0107,bibl | biblStruct,historicalSource,"Waltharius | Bruxelles, KBR, 5380–5384, ff. 92r–116r (aus Gembloux) | Karlsruhe, Badische Landesbibliothek, Cod. Rastatt 24, ff. 224r–247v | Paris, Bibliothèque nationale de France, Ms. lat. 8488 A | Trier, Wissenschaftliche Bibliothek der Stadt Trier, HS 2002/92 4°, ff. 108v–129r (aus Mettlach) | Monumenta Germaniae Historica, Poetae Latini Medii Aevi | Waltharius. Edition, Translation, and Introduction | Dallas Medieval Texts and Translations",,F. Ch. J. Fischer | Karl Strecker | Abram Ring,Bruxelles | Karlsruhe | Paris | Trier | Lipsiae | Weimar | Leuven; Paris; Bristol (CT),Peeters,,notBefore=0800;notAfter=1000 | notBefore=1075;notAfter=1100 | notBefore=1100;notAfter=1199 | notBefore=1400;notAfter=1499 | when=1780 | when=1951 | when=2016,,lassberg-literature.xml | lassberg-literature.ENRICHED.xml,,,,https://geschichtsquellen.de/werk/2090,https://handschriftencensus.de/werke/2319,,,https://opac.kbr.be/LIBRARY/doc/SYRACUSE/10742578 | https://gallica.bnf.fr/ark:/12148/btv1b10032539f | https://www.mirabileweb.it/manuscript/trier-stadtbibliothek-hs-2002-92-4%C2%B0-%2893%29-manuscript/117941 | https://www.peeters-leuven.be/detail.php?id=4003,,,,,,,,,,,,,https://www.dmgh.de/mgh_poetae_6_1/
lassberg-literature-0108,bibl | biblStruct,historicalSource,"Ruodlieb | München, Bayerische Staatsbibliothek, Clm 19486 (Fragmente, Reste von 18 Doppelblättern) | St. Florian, Stiftsbibliothek, Fragment 22 (Doppelblatt) | Lateinische Gedichte des X. und XI. Jahrhunderts: Ruodlieb | Ruodlieb. Faksimile-Ausgabe des Codex Latinus Monacensis 19486 der Bayerischen Staatsbibliothek München und der Fragmente von St. Florian. Bd. II,1: Kritischer Text",,Jacob Grimm | Andreas Schmeller | Benedikt Konrad Vollmann,München | St. Florian | Göttingen | Wiesbaden,Reichert,,notBefore=1040;notAfter=1090 | from=1000;to=1099 | from=1075;to=1099 | when=1838 | when=1985,,lassberg-literature.xml | lassberg-literature.ENRICHED.xml,,,,https://geschichtsquellen.de/werk/5257,https://handschriftencensus.de/werke/3792 | https://handschriftencensus.de/15444 | https://handschriftencensus.de/7119,,,https://www.digitale-sammlungen.de/view/bsb00105818 | https://archive.org/,,,,,,,,,,,,,
lassberg-literature-0109,bibl | biblStruct,historicalSource,Reinardus Vulpes | Reynardus vulpes | Reynardus Vulpes. De Latijnse Reinaert-vertaling | Zwolse drukken en herdrukken | Reynardus vulpes: poëma ante annum 1280 a quodam Baldwino e lingua Teutonica translatum | Reinardus Vulpes. Carmen epicum saeculis IX et XII conscriptum,Balduinus Iuvenis,R. B. C. Huygens | M. F. A. G. Campbell | Franz Joseph Mone,Utrecht | Zwolle | Hagae Comitis | Stuttgart; Tübingen,Nicolaus Ketelaer Gerardus de Leempt | W. E. J. Tjeenk Willink | Martinus Nijhoff | J. G. Cotta,,notBefore=1272;notAfter=1279 | from=1473;to=1474 | when=1968 | when=1859 | when=1832,,lassberg-literature.xml | lassberg-literature.ENRICHED.xml,,,,,,https://books.google.com/books?id=Z1-iNhvGbx4C | https://books.google.com/books?id=KUoIAAAAQAAJ,https://gesamtkatalogderwiegendrucke.de/docs/HISTORI.htm#12732,,,,,,,https://catalog.hathitrust.org/Record/001182154 | https://catalog.hathitrust.org/Record/011637526,,,,,,,
lassberg-literature-0110,bibl | biblStruct,historicalSource,"Von dem Ritter und von dem Pfaffen | München, Universitätsbibliothek, 2° Cod. ms. 731 (Cim. 4), Hausbuch des Michael de Leone, Bl. 273v–276v | Heinzelein von Konstanz",Heinzelin von Konstanz,Franz Pfeiffer,Würzburg | Leipzig,T. O. Weigel,,from=1345;to=1354 | when=1852,,lassberg-literature.xml | lassberg-literature.ENRICHED.xml,,,,,https://handschriftencensus.de/werke/1596 | https://handschriftencensus.de/6441,https://books.google.com/books?id=20G9VSGnY70C,,,,,,,,,,,,,,,
lassberg-literature-0111,bibl | biblStruct,historicalSource,"Von den zwein Sanct Johansen | Bern, Burgerbibliothek, Cod. 260 | München, Universitätsbibliothek, 2° Cod. ms. 731 (Cim. 4) | Würzburg, Universitätsbibliothek, M. p. misc. f. 6 | Privatbesitz, Wolfgang Christoph Freiherr von Velderndorf zum Neidenstein (verschollen) | Heinzelein von Konstanz",Heinzelin von Konstanz,Franz Pfeiffer,Bern | München | Würzburg | Leipzig,T. O. Weigel,,from=1345;to=1354 | from=1345;to=1355 | when=1402 | when=1852,Straßburg (?),lassberg-literature.xml | lassberg-literature.ENRICHED.xml,,,,,https://handschriftencensus.de/werke/2348 | https://handschriftencensus.de/7773 | https://handschriftencensus.de/6441 | https://handschriftencensus.de/14571 | https://handschriftencensus.de/7508,https://books.google.com/books?id=20G9VSGnY70C,,,,,,,,,,,,,,,
lassberg-literature-0112,bibl | biblStruct,contemporaryPublication,Das Nibelungenlied übersetzt von Gotthard Oswald Marbach | Das Nibelungenlied,,Gotthard Oswald Marbach,Leipzig,Otto Georg Wigand,1842,when=1841,,lassberg-literature.xml | lassberg-literature.ENRICHED.xml,https://www.digitale-sammlungen.de/de/view/bsb10057191,,,,,,,https://digital.blb-karlsruhe.de/blbihd/Handschriften/content/titleinfo/6288733,,,,,,,https://www.digitale-sammlungen.de/de/view/bsb10057191,,,,,,
lassberg-literature-0113,bibl | biblStruct,contemporaryPublication,Der Nibelungen Noth / illustrirt mit Holzschnitten nach Zeichnungen von Julius Schnorr von Carolsfeld und Eugen Neureuther | Der Nibelungen Noth,Gustav Pfizer,Julius Schnorr von Carolsfeld | Eugen Napoleon Neureuther | Kaspar Braun von Dessauer (München),Stuttgart | Tübingen,J. G. Cotta’sche Buchhandlung,1843,when=1843,,lassberg-literature.xml | lassberg-literature.ENRICHED.xml,https://digital.blb-karlsruhe.de/blbihd/Handschriften/content/titleinfo/6187169,,,,,,,https://digital.blb-karlsruhe.de/blbihd/Handschriften/content/titleinfo/6187169,,,,,,https://catalog.hathitrust.org/Record/008590136,,,,https://search.worldcat.org/title/680627028,,https://archive.org/details/dernibelungennot00pfiz,
lassberg-literature-0114,bibl | biblStruct,historicalSource,"Nibelungenlied | Das Nibelungenlied | München, Bayerische Staatsbibliothek, Cgm 34 (Hohenems–Münchener Handschrift A) | St. Gallen, Stiftsbibliothek, Cod. 857 (St. Galler Handschrift B) | Karlsruhe, Badische Landesbibliothek, Cod. Donaueschingen 63 (Hohenems–Laßbergische Handschrift C) | Das Nibelungenlied. Nach der Handschrift C der Badischen Landesbibliothek Karlsruhe. Mittelhochdeutsch/Neuhochdeutsch | Das Nibelungenlied. Text und Einführung. Nach der St. Galler Handschrift | Das Nibelungenlied und die Klage. Nach der Handschrift 857 der Stiftsbibliothek St. Gallen. Mittelhochdeutscher Text, Übersetzung und Kommentar | Bibliothek deutscher Klassiker",,Ursula Schulze | Hermann Reichert | Joachim Heinzle,München | St. Gallen | Karlsruhe | Düsseldorf; Zürich | Berlin; Boston | Berlin,Artemis Winkler | de Gruyter | Deutscher Klassiker Verlag,,notBefore=1190;notAfter=1210 | notBefore=1275;notAfter=1299 | notBefore=1240;notAfter=1270 | notBefore=1225;notAfter=1250 | when=2005 | when=2017 | when=2013,,lassberg-literature.xml | lassberg-literature.ENRICHED.xml,,,https://d-nb.info/gnd/4042046-2,,https://handschriftencensus.de/werke/271 | https://handschriftencensus.de/1483 | https://handschriftencensus.de/1211 | https://handschriftencensus.de/1482,,,http://daten.digitale-sammlungen.de/bsb00035316/image_1 | https://www.e-codices.unifr.ch/en/list/one/csg/0857 | https://nbn-resolving.de/urn:nbn:de:bsz:31-28918,,,,,,,,,,,,,
lassberg-literature-0115,bibl | biblStruct,contemporaryPublication,Das Nibelungen-Lied im Ton unserer Volkslieder,August Follen,,Zürich | Winterthur,Verlag des Literarischen Comptoirs,1843,when=1843,,lassberg-literature.xml | lassberg-literature.ENRICHED.xml,,,,,,https://books.google.de/books?id=XA3RvjUYWVwC | https://books.google.com/books?id=XA3RvjUYWVwC | https://books.google.com/books?id=ZLhbAAAAcAAJ,,,,,,,,,,,,,,,
lassberg-literature-0116,bibl | biblStruct,contemporaryPublication,Alte hoch- und niederdeutsche Volkslieder in fünf Büchern,Ludwig Uhland,,Stuttgart,J. G. Cotta,1844,from=1844;to=1845,,lassberg-literature.xml | lassberg-literature.ENRICHED.xml,,,,,,https://books.google.lu/books?id=O4xvl_oQ7FkC,,,,,,,,https://catalog.hathitrust.org/Record/008454310,https://www.digitale-sammlungen.de/de/details/bsb10121843 | https://www.digitale-sammlungen.de/de/details/bsb10128958,,,,,,
lassberg-literature-0117,bibl | biblStruct,historicalSource,"Weltchronik | St. Gallen, Kantonsbibliothek, Vadianische Sammlung, VadSlg Ms. 302 | Heidelberg, Universitätsbibliothek, Cpg 327 | München, Bayerische Staatsbibliothek, Cgm 8345 (»Wernigeroder Handschrift«) | Berlin, Staatsbibliothek, Ms. germ. fol. 623 (Fragment) | Deutsche Texte des Mittelalters",Rudolf von Ems,Gustav Ehrismann,Zürich | Südlicher Bodenseeraum | Freiburg im Breisgau | Berlin,Weidmannsche Buchhandlung,,notBefore=1220;notAfter=1254 | notBefore=1295;notAfter=1310 | notBefore=1275;notAfter=1299 | notBefore=1275;notAfter=1285 | notBefore=1320;notAfter=1330 | when=1915,,lassberg-literature.xml | lassberg-literature.ENRICHED.xml,,,,https://geschichtsquellen.de/werk/4869,https://handschriftencensus.de/werke/322 | https://handschriftencensus.de/5667 | https://handschriftencensus.de/1247 | https://handschriftencensus.de/1250 | https://handschriftencensus.de/2660,,,https://www.e-codices.unifr.ch/de/list/one/vad/0302 | https://digi.ub.uni-heidelberg.de/diglit/cpg327 | https://daten.digitale-sammlungen.de/bsb00080685/image_1 | https://archive.org/details/ehrismannrudolfsvonems,,,,,,,,,,,,,
lassberg-literature-0118,bibl | biblStruct,contemporaryPublication,Barlaam und Josaphat | Dichtungen des deutschen Mittelalters,Franz Pfeiffer | Rudolf von Ems,Franz Pfeiffer,Leipzig,G. J. Göschen,1843,when=1843,,lassberg-literature.xml | lassberg-literature.ENRICHED.xml,https://archive.org/details/barlaamundjosap00rudo,,,,,https://books.google.com/books?id=eLVXVY3JQcIC,,,,,,,,,,,,https://worldcat.org/oclc/33601081,,https://archive.org/details/barlaamundjosaph00rudouoft,
lassberg-literature-0119,bibl | biblStruct,historicalSource,"Willehalm von Orlens | Heidelberg, Universitätsbibliothek, Cpg 4 | Karlsruhe, Badische Landesbibliothek, Cod. Donaueschingen 74 (»Wasserburger Codex«) | Stuttgart, Württembergische Landesbibliothek, Cod. HB XIII 2 | Deutsche Texte des Mittelalters",Rudolf von Ems,Victor Junk,Rechberg | Augsburg | Berlin,Weidmannsche Buchhandlung,,notBefore=1455;notAfter=1479 | notBefore=1325;notAfter=1350 | when=1419 | when=1905,,lassberg-literature.xml | lassberg-literature.ENRICHED.xml,,,,,https://handschriftencensus.de/werke/323 | https://handschriftencensus.de/4192 | https://handschriftencensus.de/1849 | https://handschriftencensus.de/5097,,,https://nbn-resolving.org/urn:nbn:de:bsz:31-37876 | https://digital.wlb-stuttgart.de/purl/bsz330583522 | https://digi.ub.uni-heidelberg.de/diglit/Junk1905/,,,,,,,,,,,,,
lassberg-literature-0120,bibl | biblStruct,historicalSource,"Aeneis | Vergilius Vaticanus (Vaticanus lat. 3225) | Vergilius Romanus (Vaticanus lat. 3867) | Vergilius Mediceus (Firenze, BML, Plutei 39.1) | Opera (Bucolica, Georgica, Aeneis)",Vergil,Johannes Andreas (Bussi) Aleriensis,Roma | Firenze | Straßburg,Conrad Sweynheym Arnold Pannartz | Johannes Mentelin,,notBefore=0300;notAfter=0399 | notBefore=0400;notAfter=0499 | when=1469 | when=1470,,lassberg-literature.xml | lassberg-literature.ENRICHED.xml,,,https://d-nb.info/gnd/4099391-7,,,,,https://digi.vatlib.it/view/MSS_Vat.lat.3225 | https://digi.vatlib.it/view/MSS_Vat.lat.3867 | https://www.internetculturale.it/jmms/iccuviewer/iccu.jsp?id=oai%3Ateca.bmlonline.it%3A21%3AXXXX%3APlutei%3AIT%253AFI0100_Plutei_39.01mode=allteca=Laurenziana+-+FI | https://dpul.princeton.edu/gutenberg/catalog/6395wc43z,,,,,,,,,,,,,
lassberg-literature-0121,bibl | biblStruct,contemporaryPublication,Deutsches Lesebuch,Wilhelm Wackernagel,,Basel,Schweighauserische Buchhandlung,1839-1843,from=1839;to=1843,,lassberg-literature.xml | lassberg-literature.ENRICHED.xml,https://digi.ub.uni-heidelberg.de/diglit/wackernagel1839ga,,,,,,,https://digi.ub.uni-heidelberg.de/diglit/wackernagel1839ga,,,,,,,,,,https://www.worldcat.org/oclc/9632104,,,
lassberg-literature-0122,bibl | biblStruct,contemporaryPublication,Deutsche Mythologie,Jacob Grimm,,Göttingen,In der Dieterichschen Buchhandlung,1835,when=1835,,lassberg-literature.xml | lassberg-literature.ENRICHED.xml,https://archive.org/details/deutschemytholo08grimgoog,,,,,https://books.google.com/books/about/Deutsche_Mythologie.html?id=-EgVAAAAQAAJ,,,,,,,,https://catalog.hathitrust.org/Record/006500000,,,,,,https://archive.org/details/bub_gb_OhIWAAAAYAAJ,
lassberg-literature-0123,bibl | biblStruct,contemporaryPublication,Gotthica minora. In: Zeitschrift für deutsches altertum 1 | Gotthica minora | Zeitschrift für deutsches Alterthum,Hans Ferdinand Maßmann,Moriz Haupt,Leipzig,Weidmannsche Buchhandlung,1841,when=1841,,lassberg-literature.xml | lassberg-literature.ENRICHED.xml,,,,,,,,https://archive.org/details/zeitschriftfrd01wiesuoft,,,,,,,,,,,,,
lassberg-literature-0124,bibl | biblStruct,contemporaryPublication,Die Verdienste der Schweizer um die deutsche Literatur. Academische Antrittsrede | Die Verdienste der Schweizer um die deutsche Litteratur. Academische Antrittsrede,Wilhelm Wackernagel,,Basel,J. G. Neukirch,1833,when=1833,,lassberg-literature.xml | lassberg-literature.ENRICHED.xml,,,,,,https://books.google.de/books?id=Dqc-AAAAcAAJ,,,,,,,,https://catalog.hathitrust.org/Record/009722152,,,,,,,
lassberg-literature-0125,bibl | biblStruct,contemporaryPublication,"Anzeige einer alten Handschrift der Aeneis des Heinrich von Veldeck, in: Beyträge zur Geschichte und Literatur, vorzüglich aus den Schätzen der Königl. Hof- und Centralbibliothek zu München. 7. | Anzeige einer alten Handschrift der Aeneis des Heinrich von Veldeke | Beyträge zur Geschichte und Literatur, vorzüglich aus den Schätzen der Königl. Hof- und Centralbibliothek zu München",Bernhard Joseph Docen,Johann Christoph Freiherr von Aretin,München,Lindauer,1806,when=1806,,lassberg-literature.xml | lassberg-literature.ENRICHED.xml,,,,,,https://books.google.com/books?id=nmgNnCt5vLQC,,,,,,,,,,,,,https://www.bavarikon.de/object/bav%3ABSB-MDZ-00000BSB10370664,,
lassberg-literature-0126,bibl | biblStruct,contemporaryPublication,Geschichte des Teutschen Volkes. 12 Bände. | Geschichte des teutschen Volkes,Heinrich Luden,,Gotha,J. Perthes,1825-1837,from=1825;to=1837,,lassberg-literature.xml | lassberg-literature.ENRICHED.xml,,,,,,https://books.google.de/books?id=fUAAAAAAcAAJ,,,,,,,,https://catalog.hathitrust.org/Record/000373901,,,,https://www.worldcat.org/oclc/1045567682,,,
lassberg-literature-0127,bibl | biblStruct,historicalSource,"Schwabenspiegel | München, Bayerische Staatsbibliothek, Cgm 558 | München, Bayerische Staatsbibliothek, Cgm 9299",,,Augsburg | München,Günther Zainer,,notBefore=1254;notAfter=1275 | when=1462 | from=1325;to=1350 | when=1473,,lassberg-literature.xml | lassberg-literature.ENRICHED.xml,,,https://d-nb.info/gnd/4180288-3,https://geschichtsquellen.de/werk/4329,https://handschriftencensus.de/werke/344 | https://handschriftencensus.de/9889 | https://handschriftencensus.de/3844,,https://www.gesamtkatalogderwiegendrucke.de/docs/M40944.htm,https://daten.digitale-sammlungen.de/,,,,,,,,https://inkunabeln.digitale-sammlungen.de/Ausgabe_S-213.html,https://data.cerl.org/istc/il00046000,,,,
lassberg-literature-0128,bibl | biblStruct,historicalSource,"Trojanerkrieg | Berlin, Staatsbibliothek, Ms. germ. fol. 1 (mgf 1) | München, Bayerische Staatsbibliothek, Cgm 714 (Teilstück) | St. Gallen, Stiftsbibliothek, Cod. 617 | Straßburg, Stadtbibliothek, Cod. A 90 | Wien, Österreichische Nationalbibliothek, Cod. 2690 | Würzburg, Universitätsbibliothek, M. ch. f. 24 | Köln, Historisches Archiv der Stadt, Best. 7020 (W*) 3 (Teilstück) | Der Trojanische Krieg | Bibliothek des Litterarischen Vereins in Stuttgart | ‘Trojanerkrieg’ und die anonym überlieferte Fortsetzung. Kritische Ausgabe | Wissensliteratur im Mittelalter",Konrad von Würzburg,Adelbert von Keller | Heinz Thoelen | Bianca Häberlein,Hagenau | Stuttgart | Wiesbaden,Reichert,,notBefore=1281;notAfter=1287 | notBefore=1440;notAfter=1445 | when=1858 | when=2015,,lassberg-literature.xml | lassberg-literature.ENRICHED.xml,,,,,https://handschriftencensus.de/werke/212 | https://handschriftencensus.de/4374 | https://handschriftencensus.de/4248 | https://handschriftencensus.de/5692 | https://handschriftencensus.de/2877 | https://handschriftencensus.de/2031 | https://handschriftencensus.de/6744 | https://handschriftencensus.de/5211,,,https://digital.staatsbibliothek-berlin.de/werkansicht?PPN=PPN756657482 | https://commons.wikimedia.org/wiki/File:BLV_044_Der_Trojanische_Krieg.pdf | https://reichert-verlag.de/de/fachgebiete/germanistik/germanistik_mittelalter/9783954901180_konrad_von_wuerzburg_trojanerkrieg_und_die_anonym_ueberlieferte_fortsetzung-detail,,,,,,,,,,,,,
lassberg-literature-0129,bibl | biblStruct,historicalSource,"Maria | Driu liet von der maget | Kraków, Biblioteka Jagiellońska, Berol. mgo 109 (Codex, vollständig erhalten) | Wien, Österreichische Nationalbibliothek, Cod. 2742* | München, Bayerische Staatsbibliothek, Cgm 5249/2b (Fragment) | Klosterneuburg, Stiftsbibliothek, Fragm. 461/1–12 (Fragmente) | Maria. Bruchstücke und Umarbeitungen | Altdeutsche Textbibliothek",Wernher (Priester),Carl Wesle | Hans Fromm | Julius Feifalik,Kraków | Wien | Halle (Saale) | Tübingen,M. Niemeyer | Niemeyer | C. Geroldssohn,,when=1172 | notBefore=1200;notAfter=1225 | notBefore=1250;notAfter=1275 | when=1927 | when=1969 | when=1860,"2., durchgesehene Auflage nach Carl Wesle",lassberg-literature.xml | lassberg-literature.ENRICHED.xml,,,,,https://www.handschriftencensus.de/werke/421 | https://handschriftencensus.de/1434 | https://handschriftencensus.de/1229 | https://handschriftencensus.de/1179 | https://handschriftencensus.de/1612,https://books.google.com/books/about/Priester_Wernhers_Maria.html?id=FdUMAQAAIAAJ | https://books.google.com/books/about/Driu_Liet_von_der_Maget.html?id=bvxjAAAAcAAJ,,https://fbc.pionier.net.pl/id/oai%3Ajbc.bj.uj.edu.pl%3A159362 | https://viewer.onb.ac.at/1003371B,https://opac.regesta-imperii.de/lang_en/anzeige.php?monographie=Maria%3A+Bruchst%C3%BCcke+und+Umarbeitungen+%2F+Werner+%3Cder+Pfaffe%3Epk=605753 | https://opac.regesta-imperii.de/lang_en/suche.php?thes=Wernher+%3CPriester%3E+%281170%2F72c%29,,,,,,https://www.digitale-sammlungen.de/de/details/bsb10123020,,,,,,
lassberg-literature-0130,bibl | biblStruct,contemporaryPublication,Reinhart Fuchs,August Friedrich Herrmann Geyder | Jacob Grimm,,Berlin,Reimer,1834,when=1834,,lassberg-literature.xml | lassberg-literature.ENRICHED.xml,,,,,,,,,,,,,,https://catalog.hathitrust.org/Record/001357203,https://www.digitale-sammlungen.de/en/view/bsb10116926,,,,,,
lassberg-literature-0131,bibl | biblStruct,historicalSource,"Die Mörin | Berlin, Staatsbibliothek, mgq 1899 | København, Det Kongelige Bibliotek, Cod. Thott. 423, 2° | Leipzig, Universitätsbibliothek, Ms. Apel 8 | London, British Library, Add MS 10010 | Strasbourg, Bibliothèque nationale et universitaire, ms. 2327 (früher L germ. 352.4°) | Toruń (Thorn), Universitätsbibliothek, Rps 49/IV | Wien, Österreichische Nationalbibliothek, Cod. 2794 | Wien, Österreichische Nationalbibliothek, Cod. 2946 | Deutsche Klassiker des Mittelalters | Bibliothek des Litterarischen Vereins in Stuttgart",Hermann von Sachsenheim,Horst Dieter Schlosser | Ernst Martin,Wiesbaden | Tübingen | Straßburg,Johann Grüninger,,when=1453 | when=1974 | when=1878 | when=1512,,lassberg-literature.xml | lassberg-literature.ENRICHED.xml,,,,,https://handschriftencensus.de/werke/889 | https://handschriftencensus.de/4554 | https://handschriftencensus.de/5289 | https://handschriftencensus.de/3724 | https://handschriftencensus.de/5376 | https://handschriftencensus.de/5834 | https://handschriftencensus.de/13938 | https://handschriftencensus.de/6507 | https://handschriftencensus.de/6553,,,,,,,,,,https://www.digitale-sammlungen.de/de/view/bsb00086873,,,,,,
lassberg-literature-0132,bibl | biblStruct,contemporaryPublication,"Minnesinger. Deutsche Liederdichter des zwölften, dreizehnten und vierzehnten Jahrhunderts, aus allen bekannten Handschriften und früheren Drucken",Friedrich Heinrich von der Hagen,,Leipzig,,1838,when=1838,,lassberg-literature.xml | lassberg-literature.ENRICHED.xml,https://archive.org/details/minnesingerdeut00hagegoog,,,,,,,https://archive.org/details/minnesingerdeut00hagegoog,,,,,,,,,,,,,
lassberg-literature-0133,bibl | biblStruct,historicalSource,"Frauendienst | Augsburg, Staats- und Stadtbibliothek, Fragm. germ. 10 (Fragment, 1 Blatt) | Landshut, Staatsarchiv, Vom Einband der Fischmeisteramtsrechnungen 1510 (Fragment, 3 Stücke eines Doppelblattes) | München, Bayerische Staatsbibliothek, Cgm 44 (Codex, fast vollständig) | Deutsche Dichtungen des Mittelalters | Göppinger Arbeiten zur Germanistik",Ulrich von Lichtenstein,Karl Lachmann; Theodor Georg Karajan | Reinhold Bechstein | Franz Viktor Spechtler,Augsburg | Landshut | München | Berlin | Leipzig | Göppingen,Kümmerle,,when=1255 | notBefore=1275;notAfter=1300 | notBefore=1290;notAfter=1305 | when=1841 | when=1888 | when=1987 | when=2003,,lassberg-literature.xml | lassberg-literature.ENRICHED.xml,,,,https://geschichtsquellen.de/werk/4590,https://www.handschriftencensus.de/werke/386 | https://www.handschriftencensus.de/1305 | https://www.handschriftencensus.de/1306 | https://www.handschriftencensus.de/1307,,,https://daten.digitale-sammlungen.de/bsb00002233/image_1,https://opac.regesta-imperii.de/lang_en/anzeige.php?monographie=Frauendienst+%2F+Ulrich+von+Liechtenstein.=2873406 | https://opac.regesta-imperii.de/lang_de/autoren.php?name=Spechtler%2C+Franz+Viktor,,,,,,,,,,,,
lassberg-literature-0134,bibl | biblStruct,historicalSource,Lied,Konrad von Bickenbach,,,,,,,lassberg-literature.xml | lassberg-literature.ENRICHED.xml,,,,,,,,,,,,,,,,,,,,,
lassberg-literature-0135,bibl | biblStruct,contemporaryPublication,Wörterbuch zu Hartmanns Iwein | Wörterbuch zu Hartmannes Iwein,Georg Friedrich Benecke,,Göttingen,Dieterich,1833,when=1833,,lassberg-literature.xml | lassberg-literature.ENRICHED.xml,,,,,,https://books.google.com/books?id=D9g3O6q-z-UC,,https://archive.org/details/worterbuchzuhartmannesiwein,,,,,,https://catalog.hathitrust.org/Record/006143462,,,,,,,
lassberg-literature-0136,bibl | biblStruct,historicalSource,"Liederbuch | Liederbuch der Klara Hätzlerin | Prag, Národní muzeum (Nationalmuseum), Cod. X A 12 | Berlin, Staatsbibliothek, mgf 488 (Teile aus dem Liederbuch) | Leipzig, Universitätsbibliothek, Ms. Apel 8 (Teile aus dem Liederbuch, „Bechsteinsche Handschrift“) | Liederbuch der Clara Hätzlerin. Aus der Handschrift des Böhmischen Museums zu Prag | Bibliothek der gesammten deutschen National-Literatur | Liederbuch der Clara Hätzlerin | Deutsche Neudrucke",Klara Hätzlerin,Karl Ferdinand Haltaus | Hanns Fischer,Augsburg | Prag | Berlin | Leipzig | Quedlinburg,G. Basse | De Gruyter,,from=1470;to=1471 | when=1840 | when=1966,Schreibsprache: ostschwäbisch.,lassberg-literature.xml | lassberg-literature.ENRICHED.xml,,,https://d-nb.info/gnd/4266224-2,,https://handschriftencensus.de/werke/5968 | https://handschriftencensus.de/3722 | https://handschriftencensus.de/3719 | https://handschriftencensus.de/3724,https://books.google.com/books?id=cThTAAAAcAAJ,,https://www.manuscriptorium.com | https://archive.org/details/liederbuchdercla00htzl,,,,,,,,,,,,,
lassberg-literature-0137,bibl | biblStruct,contemporaryPublication,"Wernher eines Geistlichen im zwölften Jahrhundert Gedicht zur Ehre der Jungfrau Maria | Wernher, eines Geistlichen im zwölften Jahrhundert: Gedicht zur Ehre der Jungfrau Maria | Driu liet von der maget",Friedrich Oetter | Wernher (Priester),Friedrich Wilhelm Oetter,Nürnberg | Altdorf,J. C. Monath und J. F. Kussler,1802,when=1802,,lassberg-literature.xml | lassberg-literature.ENRICHED.xml,,,,,,https://books.google.it/books?id=8VQ7AAAAcAAJ,,,,,,https://www.digitale-sammlungen.de/de/view/bsb11262940,,https://catalog.hathitrust.org/Record/100865099,,,,,,,
lassberg-literature-0138,bibl | biblStruct,contemporaryPublication,Du Cange Charles Du Fresne Glossarium Ad Scriptores Mediae Et Infimae Latinitatis | Glossarium ad scriptores mediae et infimae Latinitatis,Du Cange | Charles Du Fresne | Charles Du Fresne du Cange,,Basel,Fratres de Tournes,1762,when=1762,,lassberg-literature.xml | lassberg-literature.ENRICHED.xml,,,,,,,,,,,,,,,,,,,,,
lassberg-literature-0139,bibl | biblStruct,historicalSource,"Predigtbuch | Basel, Universitätsbibliothek, Cod. G 2 II 58 | München, Bayerische Staatsbibliothek, Cgm 74 | Wien, Österreichische Nationalbibliothek, Cod. 2684* | Priester Konrad's deutsches Predigtbuch",Priester Konrad,Johann Schmidt,Basel | München | Wien,,,notBefore=1250 | when=1878,,lassberg-literature.xml | lassberg-literature.ENRICHED.xml,,,https://d-nb.info/gnd/1236611705,,https://handschriftencensus.de/werke/203,,,,,,,,,https://catalog.hathitrust.org/Record/102961934,,,,,,,
lassberg-literature-0140,bibl | biblStruct,historicalSource,"Gregorius | Gregorius, der gute Sünder | Rom (Vatikanstadt), Biblioteca Apostolica Vaticana, Cod. Regin. lat. 1354 — mit <Gregorius> (Bl. 108r–136r) | Konstanz, Stadtarchiv, Hs. A I 1 — mit <Gregorius> (Bl. 12va–45rb) | Gregorius. Eine Erzählung von Hartmann von Aue",Hartmann von Aue,Karl Lachmann,Rom (Vatikanstadt) | Konstanz | Berlin,,,notBefore=1187;notAfter=1197 | notBefore=1200;notAfter=1250 | notBefore=1400;notAfter=1450 | when=1838,,lassberg-literature.xml | lassberg-literature.ENRICHED.xml,,,https://d-nb.info/gnd/4123346-3,,https://handschriftencensus.de/werke/149 | https://handschriftencensus.de/1092 | https://handschriftencensus.de/5275,,,https://digi.vatlib.it/view/MSS_Reg.lat.1354 | https://digi.ub.uni-heidelberg.de/iiif/2/konstanz_ai1%3A12v/full/full/0/default.jpg,,,,,,,,,,,,,
lassberg-literature-0141,bibl | biblStruct,contemporaryPublication,Gregorius. Eine Erzählung von Hartmann von Aue | Gregorius. Eine Erzählung,Karl Lachmann | Hartmann von Aue,Karl Lachmann,Berlin,G. Reimer,1838,when=1838,,lassberg-literature.xml | lassberg-literature.ENRICHED.xml,,,https://d-nb.info/1213868319,,,https://books.google.com/books?id=Em6M0QEACAAJ,,https://www.digitale-sammlungen.de/de/view/bsb10110423,,,,,https://d-nb.info/1213868319,,,,,,,,
lassberg-literature-0142,bibl | biblStruct,historicalSource,"Leben des heiligen Ulrich | St. Ulrichs Leben | Handschriftliche Überlieferung | St. Ulrichs Leben, lateinisch beschrieben durch Berno v. Reichenau und um das Jahr 1200 in deutsche Reime gebracht von Albertus | Das Leben des Heiligen Ulrich | Quellen und Forschungen zur Sprach- und Kulturgeschichte der germanischen Völker",Albert von Augsburg,Johann Andreas Schmeller | Karl-Ernst Geith,München | Berlin,de Gruyter,,notBefore=1200;notAfter=1235 | notAfter=1300 | when=1844 | when=1971,Einzige Überlieferung; Herkunft Würzburg.,lassberg-literature.xml | lassberg-literature.ENRICHED.xml,,,https://d-nb.info/gnd/1232969346,https://geschichtsquellen.de/werk/70,https://www.handschriftencensus.de/werke/1009 | https://handschriftencensus.de/werke/1009,https://books.google.com/books?id=VgVKAAAAcAAJ,,https://daten.digitale-sammlungen.de/bsb00095888/image_57 | https://www.bayerische-bibliographie.de/baybib/Record/BV005188199 | https://api.pageplace.de/preview/DT0400.9783110816815_A36623895/preview-9783110816815_A36623895.pdf,,,,https://www.digitale-sammlungen.de/en/view/bsb10744376,,,,,,,,,
lassberg-literature-0143,bibl,historicalSource,Amor: die Liebe,,,,,1499,,,lassberg-literature.xml | lassberg-literature.ENRICHED.xml,https://www.gesamtkatalogderwiegendrucke.de/docs/AMOR.htm,,,,,,,,,,,,,,,,,,,,
lassberg-literature-0144,bibl,contemporaryPublication,Literarischer Grundriß zur Geschichte der deutschen Poesie,Friedrich Heinrich von der Hagen,,,,1812,,,lassberg-literature.xml | lassberg-literature.ENRICHED.xml,,,,,,,,,,,,,,,,,,,,,
lassberg-literature-0145,bibl,historicalSource,Gedichte,Hugo von Montfort,,,,,,,lassberg-literature.xml | lassberg-literature.ENRICHED.xml,,,,,https://handschriftencensus.de/werke/948,,,,,,,,,,,,,,,,
lassberg-literature-0146,bibl,contemporaryPublication,Lateinische Gedichte des X. und XI. Jahrhunderts,Jacob Grimm | Johann Andreas Schmeller,,,,1838,,,lassberg-literature.xml | lassberg-literature.ENRICHED.xml,https://archive.org/details/lateinischegedic00grimuoft,,,,,,,,,,,,,,,,,,,,
lassberg-literature-0147,bibl | biblStruct,historicalSource,Barlaam und Josaphat | Barlaam und Joasaph | Rudolf von Ems: Barlaam und Josaphat | Dichtungen des deutschen Mittelalters,Rudolf von Ems,Friedrich Karl Köpke | Franz Pfeiffer,Königsberg | Leipzig,Nicolovius,,notBefore=1225;notAfter=1230 | when=1818 | when=1843,,lassberg-literature.xml | lassberg-literature.ENRICHED.xml,,,https://d-nb.info/gnd/4303311-8,,https://handschriftencensus.de/werke/321,https://books.google.com/books?id=8_U6AAAAcAAJ,,https://www.digitale-sammlungen.de/en/view/bsb10107283,,,,,,,,,,,,,
lassberg-literature-0148,bibl,historicalSource,Translationen,Niclas v. Wyle,,,,1478,,,lassberg-literature.xml | lassberg-literature.ENRICHED.xml,,,,,,,https://www.gesamtkatalogderwiegendrucke.de/docs/M51838.htm,,,,,,,,,,,,,,
lassberg-literature-0149,bibl,contemporaryPublication,Der Schwabenspiegel oder schwäbisches Land- und Lehen-Rechtbuch,Friedrich L. A. von Laßberg | A. L. Reyscher,,Tübingen,,1840,,,lassberg-literature.xml | lassberg-literature.ENRICHED.xml,,,,,,https://books.google.de/books?id=VZZDAAAAcAAJ,,,,,,,,,,,,,,,
lassberg-literature-0150,bibl | biblStruct,historicalSource,Predigten | Sermones | Die Predigten Taulers | Deutsche Texte des Mittelalters,Johannes Tauler,Ferdinand Vetter | Walter Lehmann,,Weidmann | E. Diederichs,,when=1910 | when=1913,,lassberg-literature.xml | lassberg-literature.ENRICHED.xml,,,https://d-nb.info/gnd/4322978-5,,https://handschriftencensus.de/werke/652,https://books.google.com/books?id=c6KfDQEACAAJ | https://books.google.com/books?id=B1tKAQAAMAAJ,,,,,,,,,,,,,,,
lassberg-literature-0151,bibl | biblStruct,contemporaryPublication,Glossar zum altdeutschen Lesebuch | Wörterbuch zum altdeutschen Lesebuch | Deutsches Lesebuch,Wilhelm Wackernagel,,Basel,Druck und Verlag der Schweighauserischen Buchhandlung,1840,when=1840,,lassberg-literature.xml | lassberg-literature.ENRICHED.xml,,,,,,https://books.google.de/books?id=ga0sAQAAMAAJ,,https://hdl.handle.net/2027/uc1.l0054619838 | https://catalog.hathitrust.org/Record/010883875,,,,,,,,,,,,,
lassberg-literature-0152,bibl | biblStruct,historicalSource,"Berner Stadtchronik | Berner Chronik | Fragment des Autographs | Conrad Justingers Berner-Chronik, von Anfang der Stadt Bern bis in das Jahr 1421 | Die Berner-Chronik des Conrad Justinger; nebst vier Beilagen",Konrad Justinger,E. Stierlin | J. R. Wyss | Gottlieb Studer,Bern,"bey Ludw. Albr. Haller, Buchdrucker | Druck und Verlag von K. J. Wyss",,from=1420;to=1430 | when=1819 | when=1871,Berichtszeitraum 1152–1421. | Pergament.,lassberg-literature.xml | lassberg-literature.ENRICHED.xml,,,https://d-nb.info/gnd/7750475-6,https://geschichtsquellen.de/werk/3179,https://www.handschriftencensus.de/werke/2500 | https://handschriftencensus.de/22471,https://books.google.de/books?id=lC0LAAAAIAAJ,,https://mdz-nbn-resolving.de/urn:nbn:de:bvb:12-bsb11007582-7,,,,,,,,,,,,,
lassberg-literature-0153,bibl | biblStruct,historicalSource,Berner Chronik | Berner Stadtchronik | Autograph/allein überlieferte Handschrift,Benedikt Tschachtlan | Heinrich Dittlinger,,Zürich,,,when=1470,"Berichtszeitraum 1191–1470; wichtiges, reich illustriertes Zeugnis der Berner Stadtgeschichte.",lassberg-literature.xml | lassberg-literature.ENRICHED.xml,,,,https://geschichtsquellen.de/werk/4575,https://www.handschriftencensus.de/werke/6335,,,,,,https://www.e-manuscripta.ch/zuz/doi/10.7891/e-manuscripta-85723,,,,,,,,,,
lassberg-literature-0154,bibl | biblStruct,historicalSource,Diarium | Diarium 1529–1539,Johannes Rütiner,Ernst Gerhard Rüsch,St. Gallen,,,from=1529;to=1539 | when=1996,Originale in der Kantonsbibliothek Vadiana St. Gallen (VadSlg Ms 78 und Ms 79); vollständige Abschrift von Carl Leder: VadSlg Ms 79c.,lassberg-literature.xml | lassberg-literature.ENRICHED.xml,,,https://d-nb.info/gnd/4423979-8,,,https://books.google.com/books?id=lv_0zwEACAAJ,,https://swisscollections.ch/Record/991170456541705501 | https://zwingliana.ch/article/view/7979,,https://kalliope-verbund.info/CH-002121-2-991170456541705501,,,,,,,,,,,
lassberg-literature-0155,bibl | biblStruct,contemporaryPublication,"Weinfelden, dargestellt in seinen bisherigen Schicksalen und in seinem gegenwärtigen Zustande | Thurgauisches Neujahrsblatt",Johann Adam Pupipkofer | Johann Adam Pupikofer,,Frauenfeld,Fehr,1829,when=1829,,lassberg-literature.xml | lassberg-literature.ENRICHED.xml,,http://opac.regesta-imperii.de/id/1415758,,,,https://books.google.com/books?id=sEEnzwEACAAJ,,https://query-staatsarchiv.tg.ch/detail.aspx?ID=617197,http://opac.regesta-imperii.de/id/1415758,,,,,,,,,,,,
lassberg-literature-0156,bibl | biblStruct,contemporaryPublication,Neujahrsgeschenke für die Jugend des Kantons Schaffhausen,,,Schaffhausen,,1829,when=1829,,lassberg-literature.xml | lassberg-literature.ENRICHED.xml,https://www.digitale-sammlungen.de/de/view/bsb11033452,,,,,,,https://www.digitale-sammlungen.de/de/view/bsb11033452,,,,,,,,,,,,,
lassberg-literature-0157,bibl | biblStruct,contemporaryPublication,Appenzeller Zeitung,,,Trogen | Herisau,,,from=1828-07-05;to=1851 | from=1852,,lassberg-literature.xml | lassberg-literature.ENRICHED.xml,https://hls-dhs-dss.ch/de/articles/024758/2001-07-26/,,,,,,,https://hls-dhs-dss.ch/de/articles/024758/2001-07-26/ | https://www.appenzellerzeitung.ch/,,,,,,,,,,,,,
lassberg-literature-0158,bibl,contemporaryPublication,Angela,Johann Adam Pupikofer,,,,1831,,,lassberg-literature.xml | lassberg-literature.ENRICHED.xml,https://musenalm.de/almanach/743/,,,,,,,,,,,,,,,,,,,,
lassberg-literature-0159,bibl,contemporaryPublication,Compendium der deutschen Literatur-Geschichte.,Julius Erduin Koch,,Berlin,,1790,,,lassberg-literature.xml | lassberg-literature.ENRICHED.xml,https://www.digitale-sammlungen.de/de/view/bsb10733463,,,,,,,,,,,,,,,,,,,,
lassberg-literature-0160,bibl,contemporaryPublication,Sammlung historischer Volkslieder und Gedichte der Deutschen,Oskar Ludwig Bernhard Wolff,,,,1830,,,lassberg-literature.xml | lassberg-literature.ENRICHED.xml,https://archive.org/details/bub_gb_Y0EJAAAAQAAJ,,,,,,,,,,,,,,,,,,,,
lassberg-literature-0161,bibl,contemporaryPublication,Das Wessobrunner Gebet & die Wessobrunner Glossen | Das Wessobrunner Gebet die Wessobrunner Glossen,Wilhelm Wackernagel,,Berlin,,1827,,,lassberg-literature.xml | lassberg-literature.ENRICHED.xml,https://www.digitale-sammlungen.de/de/view/bsb11262948,,,,,,,,,,,,,,,,,,,,
lassberg-literature-0162,bibl,contemporaryPublication,Spiritalia theotisca. Sermonum sex ecclesiasticorum et orationis Dominicae rhythmis expositae fragmenta,Wilhelm Wackernagel,,Bratislava,,1827,,,lassberg-literature.xml | lassberg-literature.ENRICHED.xml,,,,,,https://books.google.de/books?id=BUsHAAAAQAAJ,,,,,,,,,,,,,,,
lassberg-literature-0163,bibl,historicalSource,Der Pfaff vom Kahlenberg,Philipp Frankfurter,,,,,,,lassberg-literature.xml | lassberg-literature.ENRICHED.xml,,,,,,,,,,,,,,,,,,,,,
lassberg-literature-0164,bibl,historicalSource,Nachtrab oder Nebelkräh,Johann Fischart,,Heidelberg,,1570,,,lassberg-literature.xml | lassberg-literature.ENRICHED.xml,https://gateway-bayern.de/VD16+F+1154,,,,,,,,,,,,,,,,,,,,
lassberg-literature-0165,bibl,historicalSource,Hildebrandslied,,,,,,,,lassberg-literature.xml | lassberg-literature.ENRICHED.xml,,,,,https://handschriftencensus.de/werke/2892,,,,,,,,,,,,,,,,
lassberg-literature-0166,bibl,historicalSource,Sieben weise Meister.,,,,,1412,,,lassberg-literature.xml | lassberg-literature.ENRICHED.xml,,,,,https://handschriftencensus.de/werke/6078,,,,,,,,,,,,,,,,
lassberg-literature-0167,bibl,historicalSource,Buch von der Heiligen Leben,Hermann von Fritzlar,,,,,,,lassberg-literature.xml | lassberg-literature.ENRICHED.xml,https://de.wikipedia.org/wiki/Hermann_von_Fritzlar,,,,,,,,,,,,,,,,,,,,
lassberg-literature-0168,bibl,historicalSource,Vocabularius Sancti Galli,,,,,,,,lassberg-literature.xml | lassberg-literature.ENRICHED.xml,,,,,https://handschriftencensus.de/werke/4438,,,,,,,,,,,,,,,,
lassberg-literature-0169,bibl,historicalSource,De syllogismis,Notker,,,,,,,lassberg-literature.xml | lassberg-literature.ENRICHED.xml,,,,,https://handschriftencensus.de/werke/5709,,,,,,,,,,,,,,,,
lassberg-literature-0170,bibl,historicalSource,De consolatione philosophiae,Notker,,,,,,,lassberg-literature.xml | lassberg-literature.ENRICHED.xml,,,,,https://handschriftencensus.de/werke/5702,,,,,,,,,,,,,,,,
lassberg-literature-0171,bibl,historicalSource,De materia artis rhetoricae,Notker,,,,,,,lassberg-literature.xml | lassberg-literature.ENRICHED.xml,,,,,https://handschriftencensus.de/werke/5706,,,,,,,,,,,,,,,,
lassberg-literature-0172,bibl,historicalSource,Der welsche Gast,Thommasin von Zerclaere,,,,,,,lassberg-literature.xml | lassberg-literature.ENRICHED.xml,,,,,https://handschriftencensus.de/werke/377,,,,,,,,,,,,,,,,
lassberg-literature-0173,bibl,historicalSource,Helmbrecht,Werhner der Gärtner,,,,,,,lassberg-literature.xml | lassberg-literature.ENRICHED.xml,,,,,https://handschriftencensus.de/werke/764,,,,,,,,,,,,,,,,
lassberg-literature-0174,bibl,historicalSource,Vom gemeinen leben,Heinrich von Melk,,,,,,,lassberg-literature.xml | lassberg-literature.ENRICHED.xml,,,,,,,,,,,,,,,,,,,,,
lassberg-literature-0175,bibl,historicalSource,Minneburg (Reimfassung),,,,,,,,lassberg-literature.xml | lassberg-literature.ENRICHED.xml,,,,,https://handschriftencensus.de/werke/616,,,,,,,,,,,,,,,,
lassberg-literature-0176,bibl,historicalSource,Iwein,Hartmann von Aue,,,,,,,lassberg-literature.xml | lassberg-literature.ENRICHED.xml,,,,,https://handschriftencensus.de/werke/150,,,,,,,,,,,,,,,,
lassberg-literature-0178,bibl,historicalSource,Neidhart,,,,,,,,lassberg-literature.xml | lassberg-literature.ENRICHED.xml,,,,,https://www.handschriftencensus.de/werke/269,,,,,,,,,,,,,,,,
lassberg-literature-0179,bibl,historicalSource,Gauriel von Muntabel,Konrad von Stoffeln,,,,,,,lassberg-literature.xml | lassberg-literature.ENRICHED.xml,,,,,https://handschriftencensus.de/werke/567,,,,,,,,,,,,,,,,
lassberg-literature-0180,bibl,historicalSource,Sprüche,Freidank,,,,,,,lassberg-literature.xml | lassberg-literature.ENRICHED.xml,,,,,https://handschriftencensus.de/werke/115,,,,,,,,,,,,,,,,
lassberg-literature-0180b,bibl,contemporaryPublication,"Frauendienst, oder: Geschichte und Liebe des Ritters und Sängers Ulrich von Lichtenstein",Ludwig Tieck,,Wien,,1818,,,lassberg-literature.xml | lassberg-literature.ENRICHED.xml,https://www.digitale-sammlungen.de/en/view/bsb10128718,,,,,,,,,,,,,,,,,,,,
lassberg-literature-0181,bibl,historicalSource,Unser vrouwen klage,,,,,,,,lassberg-literature.xml | lassberg-literature.ENRICHED.xml,,,,,https://www.handschriftencensus.de/werke/393,,,,,,,,,,,,,,,,
lassberg-literature-0182,bibl,historicalSource,Roßarzneibuch,Albrant,,,,,,,lassberg-literature.xml | lassberg-literature.ENRICHED.xml,,,,,https://www.handschriftencensus.de/werke/677,,,,,,,,,,,,,,,,
lassberg-literature-0183,bibl,historicalSource,Unser frouwen leich,Heinrich von Meißen (Frauenlob),,,,,,,lassberg-literature.xml | lassberg-literature.ENRICHED.xml,https://de.wikipedia.org/wiki/Frauenlobs_Marienleich,,,,,,,,,,,,,,,,,,,,
lassberg-literature-0184,bibl,historicalSource,Geistlich Artzney Für Ketzergifft vnd jetziger zeit böse Lüfft,Daniel Baradinus,,München,,1600,,,lassberg-literature.xml | lassberg-literature.ENRICHED.xml,,,,,,,,,,,,,,,,,,,,,
lassberg-literature-0185,bibl,historicalSource,Geistlicher Fastnachtskrapfen,,,,,,,,lassberg-literature.xml | lassberg-literature.ENRICHED.xml,,,,,https://handschriftencensus.de/werke/3704,,,,,,,,,,,,,,,,
lassberg-literature-0186,bibl,contemporaryPublication,Vridankes Bescheidenheit.,Wilhelm Grimm,,Göttingen,,1834,,,lassberg-literature.xml | lassberg-literature.ENRICHED.xml,https://www.digitale-sammlungen.de/en/view/bsb11091575,,,,,,,,,,,,,,,,,,,,
lassberg-literature-0187,bibl,historicalSource,Martina,Hugo von Langenstein,,,,,,,lassberg-literature.xml | lassberg-literature.ENRICHED.xml,,,,,https://handschriftencensus.de/werke/1737,,,,,,,,,,,,,,,,
lassberg-literature-0188,bibl,historicalSource,Mainauer Naturlehre,,,,,,,,lassberg-literature.xml | lassberg-literature.ENRICHED.xml,,,,,https://handschriftencensus.de/werke/946,,,,,,,,,,,,,,,,
lassberg-literature-0189,bibl,contemporaryPublication,Mitteilungen der Antiquarischen Gesellschaft in Zürich,,,Zürich,,,,,lassberg-literature.xml | lassberg-literature.ENRICHED.xml,,,,,,,,,,,,,,,,,,,,,
lassberg-literature-0190,bibl,historicalSource,Die Königstochter von Frankreich,Hans von Bühel,,,,,,,lassberg-literature.xml | lassberg-literature.ENRICHED.xml,,,,,https://handschriftencensus.de/werke/1751,,,,,,,,,,,,,,,,
lassberg-literature-0191,bibl,historicalSource,Sigenot,,,,,,,,lassberg-literature.xml | lassberg-literature.ENRICHED.xml,,,,,https://handschriftencensus.de/werke/541,,,,,,,,,,,,,,,,
lassberg-literature-0192,bibl,contemporaryPublication,Baseler Wochenblatt,,,,,,,,lassberg-literature.xml | lassberg-literature.ENRICHED.xml,,,,,,,,,,,,,,,,,,,,,
lassberg-literature-0193,bibl,contemporaryPublication,"Beyträge zur Geschichte und Literatur, vorzüglich aus den Schätzen der Königl. Hof- und Centralbibliothek zu München",Johann Christoph Aretin,,München,,1803-1808,,,lassberg-literature.xml | lassberg-literature.ENRICHED.xml,,http://opac.regesta-imperii.de/id/1079584,,,,,,,,,,,,,,,,,,,
