PersonName;GND;Wiki;person_id;full_name;gender;birth;occupation;degrees;publications
Peter Bion;135548888;https://de.wikipedia.org/wiki/Peter_Bion;lassberg-correspondent-0319;Bion, Peter;male;1684;Unternehmer,Kaufmann;-;-
Josef Friedrich Wilhelm von Hohenzollern-Hechingen;129884251;https://de.wikipedia.org/wiki/Josef_Friedrich_Wilhelm_%28Hohenzollern-Hechingen%29;lassberg-correspondent-0220;Joseph Friedrich Wilhelm, Hohenzollern-Hechingen, Fürst;male;1717;Militär;-;-
Johann Alphons von Lugo-;172709563;-;lassberg-correspondent-0181;Lugo, Johann Alphons von;notKnown;1745;-;-;-
Franz Bernhard Neuffer;1026633168;https://de.wikipedia.org/wiki/Franz_Bernhard_Neuffer;lassberg-correspondent-0095;Neuffer, Franz Bernhard;male;1747;Pfarrer;1;-
Joachim Egon zu Fürstenberg;143295446;https://de.wikipedia.org/wiki/Joachim_Egon_zu_F%C3%BCrstenberg;lassberg-correspondent-0177;Fürstenberg-Weitra, Joachim Eugen zu;male;1749;-;-;-
Luise zu Stolberg-Gedern;116275316;https://de.wikipedia.org/wiki/Luise_zu_Stolberg-Gedern_(1752%E2%80%931824);lassberg-correspondent-0291;Albany, Louise Maximiliane Caroline Emanuele of;female;1752;-;2;-
Franz Augustin Götz;121144097;-;lassberg-correspondent-0093;Götz, Franz Augustin;notKnown;1752;-;-;-
Joseph Roth von Schreckenstein;100660355;https://de.wikipedia.org/wiki/Friedrich_Josef_Anton_von_Schreckenstein;lassberg-correspondent-0236;Roth von Schreckenstein, Friedrich;male;1753;Naturwissenschaftler,Beamter;4;-
Friedrich Wilhelm Karl von Württemberg;118703218;https://de.wikipedia.org/wiki/Friedrich_(W%C3%BCrttemberg);lassberg-correspondent-0127;Friedrich I., Württemberg, König;male;1754;-;4;-
Joseph Albrecht von Ittner;117212555;https://de.wikipedia.org/wiki/Joseph_Albrecht_von_Ittner;lassberg-correspondent-0224;Ittner, Joseph Albrecht von;male;1754;Politiker,Schriftsteller,Diplomat,Jurist;2;-
Ildefons von Arx;116353740;https://de.wikipedia.org/wiki/Ildefons_von_Arx;lassberg-correspondent-0169;Arx, Ildefons von;male;1755;Mönch,Bibliothekar,Archivar,Geistlicher,Historiker,Domkapitular;-;-
Johanna Josepha von Oettingen-Spielberg;117108618;-;lassberg-correspondent-0218;Oettingen-Spielberg, Johanna Josepha von;female;1756;-;-;-
Georg Escher vom Berg;1046853996;-;lassberg-correspondent-0133;Escher vom Berg, Georg;male;1756;Schriftsteller,Gutsherr;-;-
Johann Christoph Schmid;117499064;https://de.wikipedia.org/wiki/Johann_Christoph_von_Schmid;lassberg-correspondent-0195;Schmid, Johann Christoph von;male;1756;Germanist,Schriftsteller,Dialektologe,Pädagoge,Lutherischer Theologe;5;-
Heinrich Friedrich Karl vom und zum Stein;118617273;https://de.wikipedia.org/wiki/Heinrich_Friedrich_Karl_vom_und_zum_Stein;lassberg-correspondent-0150;Stein, Karl vom und zum;male;1757;Politiker,Staatsminister;7;-
Joseph Maria Benedikt zu Fürstenberg-Stühlingen;1021174238;https://de.wikipedia.org/wiki/Joseph_Maria_%28F%C3%BCrstenberg-St%C3%BChlingen%29;lassberg-correspondent-0234;Joseph Maria Benedikt Karl, Fürstenberg, Fürst;male;1758;-;-;-
Aloys Hirt;115368302;https://de.wikipedia.org/wiki/Aloys_Hirt;lassberg-correspondent-0008;Hirt, Aloys Ludwig;male;1759;Kunsthistoriker,Philosoph,Archäologe;10;Prof.
Ulrich Hegner;116572167;https://de.wikipedia.org/wiki/Ulrich_Hegner;lassberg-correspondent-0353;Hegner, Ulrich;male;1759;Politiker,Arzt,Schriftsteller;10;-
Amalie Zephyrine von Salm-Kyrburg;130489670;https://de.wikipedia.org/wiki/Amalie_Zephyrine_von_Salm-Kyrburg;lassberg-correspondent-0012;Amalie Zephyrine, Hohenzollern-Sigmaringen, Fürstin;female;1760;-;-;-
Marquard Wocher;131893505;https://de.wikipedia.org/wiki/Marquard_Wocher;lassberg-correspondent-0300;Wocher, Marquard;notKnown;1760;Radierer,Verleger,Kupferstecher,Miniaturist,Maler,Künstler;-;-
Carl Banger;123776341;-;lassberg-correspondent-0052;Banger, Karl;notKnown;1761;-;2;-
Felix Ulrich Lindinner;1089450958;-;lassberg-correspondent-0086;Lindinner, Felix Ulrich;male;1762;Künstler,Autor,Archivar;-;-
Georg Friedrich Benecke;11865537X;https://de.wikipedia.org/wiki/Georg_Friedrich_Benecke;lassberg-correspondent-0134;Benecke, Georg Friedrich;male;1762;Bibliothekar,Philologe,Germanist;8;Prof.
Karl Philipp Conz;116668237;https://de.wikipedia.org/wiki/Karl_Philipp_Conz;lassberg-correspondent-0264;Conz, Karl Philipp;male;1762;Schriftsteller,Klassischer Philologe,Übersetzer;9;-
Anton Aloys Meinrad Franz von Hohenzollern-Sigmaringen;131601555;https://de.wikipedia.org/wiki/Anton_Aloys_(Hohenzollern-Sigmaringen);lassberg-correspondent-0019;Anton Aloys, Hohenzollern-Sigmaringen, Fürst;notKnown;1762;-;-;-
Philippe-François-Joseph Le Bas;130589365;https://de.wikipedia.org/wiki/Philippe-Fran%C3%A7ois-Joseph_Le_Bas;lassberg-correspondent-0324;Le Bas, Philippe François Joseph;notKnown;1762;Politiker;1;-
Johann Baptist Blattmann;1072484633;-;lassberg-correspondent-0186;Blattmann, Johann Baptist;male;1763;-;-;-
Johann Martin Usteri;11880362X;https://de.wikipedia.org/wiki/Johann_Martin_Usteri;lassberg-correspondent-0210;Usteri, Johann Martin;male;1763;Schriftsteller,Zeichner,Künstler,Maler;4;-
Ludwig I. von Baden;124485979;https://de.wikipedia.org/wiki/Ludwig_I._(Baden);lassberg-correspondent-0284;Ludwig I., Baden, Großherzog;male;1763;-;2;-
Johann Baptist Allgaier;1012154580;https://de.wikipedia.org/wiki/Johann_Baptist_Allgaier;lassberg-correspondent-0185;Allgaier, Johann Baptist;notKnown;1763;-;-;-
Johann Friedrich von Cotta;11852240X;https://de.wikipedia.org/wiki/Johann_Friedrich_Cotta;lassberg-correspondent-0199;Cotta, Johann Friedrich von;male;1764;Abgeordneter,Politiker,Unternehmer,Verleger,Buchhändler;2;-
Karl Heinrich von Lang;118726285;https://de.wikipedia.org/wiki/Karl_Heinrich_von_Lang;lassberg-correspondent-0258;Lang, Karl Heinrich von;male;1764;Historiker,Publizist,Archivar;11;-
Johann Leonhard Hug;118707884;https://de.wikipedia.org/wiki/Johann_Leonhard_Hug;lassberg-correspondent-0206;Hug, Johann Leonhard;male;1765;Katholischer Theologe,Orientalist,Alttestamentler,Hochschullehrer,Priester;9;Prof. Dr. theol.
Joseph Anton Vincenz Belli de Pino;116114819;-;lassberg-correspondent-0228;Belli de Pino, Joseph Anton Vincenz;male;1765;Beamter,Historiker;-;-
Elisabeth zu Fürstenberg;136284124;https://de.wikipedia.org/wiki/Elisabeth_zu_F%C3%BCrstenberg;lassberg-correspondent-0076;Fürstenberg, Elisabeth zu;female;1767;-;-;-
Joseph Anderwert;11630684X;https://de.wikipedia.org/wiki/Joseph_Anderwert;lassberg-correspondent-0225;Anderwert, Joseph;male;1767;Politiker,Landrat;-;-
Daniel Huber;117030260;https://de.wikipedia.org/wiki/Daniel_Huber_%28Mathematiker%29;lassberg-correspondent-0071;Huber, Daniel;male;1768;Mathematiker,Bibliothekar,Astronom;-;Prof. Dr.
Johann Caspar Zellweger;116978813;https://de.wikipedia.org/wiki/Johann_Caspar_Zellweger;lassberg-correspondent-0193;Zellweger, Johann Caspar;male;1768;Kaufmann,Historiker;4;-
Joseph Thaddäus von Reischach;1018398708;-;lassberg-correspondent-0237;Reischach, Joseph Thaddäus von;male;1768;Söldner,Kämmerer;-;-
Markus Fidelis Jäck;104082232;https://www.deutsche-biographie.de/sfz36731.html;lassberg-correspondent-0298;Jäck, Markus Fidelis;male;1768;Katholischer Theologe,Domkapitular,Priester;-;-
Salomon Michaelis;117016985;https://de.wikipedia.org/wiki/Salomo_Michaelis;lassberg-correspondent-0334;Michaelis, Salomon;male;1768;Buchhändler,Hochschullehrer,Romanist,Philologe,Redakteur,Verleger,Germanist;-;Prof.
Johann LudwigBaldinger;1051040140;https://hls-dhs-dss.ch/de/articles/005476/2002-01-17/;lassberg-correspondent-0207;Baldinger, Johann Ludwig;male;1769;Politiker;-;-
Karl Alexander von Thurn und Taxis;104080892;https://de.wikipedia.org/wiki/Karl_Alexander_von_Thurn_und_Taxis;lassberg-correspondent-0246;Thurn und Taxis, Karl Alexander von;male;1770;-;-;-
Karl von Baden (1770–1830);116030216;https://de.wikipedia.org/wiki/Karl_von_Baden_(1770%E2%80%931830);lassberg-correspondent-0265;Baden, Karl von;male;1770;Politiker;-;-
Joseph von Laßberg;118778862;https://de.wikipedia.org/wiki/Joseph_von_La%C3%9Fberg;lassberg-correspondent-0373;Laßberg, Joseph von;male;1770;Germanist,Literarhistoriker,Verwaltungsbeamter,Politiker,Förster,Philologe;7;Dr. phil. h.c.
Salomon Fries;1132139244;-;lassberg-correspondent-0333;Fries, Salomon;notKnown;1770;Buchbinder,Buchhändler;-;-
Ernst Constantin Landgraf zu Hessen-Philippstal-Barchfeld;111076619X;https://de.wikipedia.org/wiki/Ernst_Konstantin_(Hessen-Philippsthal);lassberg-correspondent-0081;Ernst Constantin, Hessen-Philippsthal, Landgraf;male;1771;General,Offizier;-;-
Friedrich Heinrich Bothe;100051960;https://www.deutsche-biographie.de/sfz5411.html;lassberg-correspondent-0118;Bothe, Friedrich Heinrich;male;1771;Schriftsteller,Übersetzer,Klassischer Philologe;10;-
Heinrich Zschokke;118637266;https://de.wikipedia.org/wiki/Heinrich_Zschokke;lassberg-correspondent-0154;Zschokke, Heinrich;male;1771;Historiker,Politiker,Schriftsteller;10;-
Johann Baptist Ludwig Gallati;123840422;http://www.hls-dhs-dss.ch/textes/d/D11356.php;lassberg-correspondent-0187;Gallati, Johann Baptist Ludwig;male;1771;-;-;-
Johann Friedrich Steinkopf;1012365360;https://de.wikipedia.org/wiki/Johann_Friedrich_Steinkopf;lassberg-correspondent-0198;Steinkopf, Johann Friedrich;male;1771;Antiquar,Verleger;-;-
Karl Joachim (Fürstenberg-Stühlingen);1017810869;https://de.wikipedia.org/wiki/Karl_Joachim_(F%C3%BCrstenberg-St%C3%BChlingen);lassberg-correspondent-0259;Karl Joachim, Fürstenberg, Fürst;male;1771;Soldat;-;-
Therese Luise von Droste-Hülshoff;117751677;-;lassberg-correspondent-0349;Droste-Hülshoff, Therese Luise von;female;1772;-;-;-
Andreas von Merian;116891971;https://lobid.org/gnd/116891971;lassberg-correspondent-0015;Merian, Andreas von;male;1772;Staatsrat,Linguist,Diplomat;3;-
Henrich zu Stolberg-Wernigerode;117286478;https://de.wikipedia.org/wiki/Henrich_zu_Stolberg-Wernigerode;lassberg-correspondent-0156;Stolberg-Wernigerode, Henrich zu;male;1772;-;-;-
Johann Christian von Pfister;116166665;https://de.wikipedia.org/wiki/Johann_Christian_von_Pfister;lassberg-correspondent-0194;Pfister, Johann Christian von;male;1772;Prälat,Historiker;7;Dr. theol.
Johann JakobHorner;116994150;https://hls-dhs-dss.ch/de/articles/045956/2006-11-30/;lassberg-correspondent-0203;Horner, Johann Jakob;male;1772;Kunsthistoriker,Literarhistoriker,Theologe,Philosoph,Bibliothekar;1;-
Carl Nehrlich;104133368;-;lassberg-correspondent-0060;Nehrlich, Karl;male;1773;-;-;-
Christian Jakob August von Berstett;1013172132;https://de.wikipedia.org/wiki/Christian_Jakob_August_von_Berstett;lassberg-correspondent-0064;Berstett, Christian Jakob August, von;male;1773;-;-;-
Hermann von Vicari;118945467;https://de.wikipedia.org/wiki/Hermann_von_Vicari;lassberg-correspondent-0161;Vicari, Hermann von;male;1773;Erzbischof,Katholischer Theologe;-;-
Kasimir Walchner;117116580;https://www.deutsche-biographie.de/sfz84311.html#adbcontent;lassberg-correspondent-0269;Walchner, Kasimir;male;1773;Beamter,Oberamtmann,Historiker,Redakteur,Jurist;6;-
Klemens Wenzel Nepomuk Lothar von Metternich;118581465;https://en.wikipedia.org/wiki/Klemens_von_Metternich;lassberg-correspondent-0271;Metternich, Klemens Wenzel Nepomuk Lothar von;male;1773;Politiker;8;-
Raphael Georg Kiesewetter;118722239;https://de.wikipedia.org/wiki/Raphael_Georg_Kiesewetter;lassberg-correspondent-0326;Kiesewetter, R. G.;male;1773;Musikwissenschaftler,Musikschriftsteller;8;-
Anton Beller;1012176207;-;lassberg-correspondent-0020;Beller, Anton;male;1774;Pfarrer,Dekan <Kirche>;-;-
Ferdinand Varnbüler von und zu Hemmingen;100652689;https://de.wikipedia.org/wiki/Ferdinand_Varnb%C3%BCler_von_und_zu_Hemmingen;lassberg-correspondent-0089;Varnbüler von und zu Hemmingen, Ferdinand;male;1774;Politiker,General;2;-
Ignaz Heinrich von Wessenberg;118631764;https://de.wikipedia.org/wiki/Ignaz_Heinrich_von_Wessenberg;lassberg-correspondent-0168;Wessenberg, Ignaz Heinrich von;male;1774;Schriftsteller,Bischof,Katholischer Theologe,Generalvikar;9;-
Christian Moritz Engelhardt;116489081;http://www.deutsche-biographie.de/pnd116489081.html#adbcontent;lassberg-correspondent-0065;Engelhardt, Christian Moritz;male;1775;Germanist,Archäologe;6;-
Franz Joseph von Enzenberg;116515856;-;lassberg-correspondent-0104;Enzenberg, Franz Joseph von;male;1775;-;-;-
Johann Anton André;116331674;https://de.wikipedia.org/wiki/Johann_Anton_Andr%C3%A9;lassberg-correspondent-0183;André, Johann Anton;male;1775;Musikschriftsteller,Musikverleger,Arrangeur,Komponist;9;-
Melchior Kirchhofer;118842528;https://de.wikipedia.org/wiki/Melchior_Kirchhofer;lassberg-correspondent-0307;Kirchhofer, Melchior;male;1775;Pfarrer,Evangelischer Theologe,Kirchenhistoriker;8;-
Moritz Elmerhaus Maria von Haxthausen;1188862863;-;lassberg-correspondent-0311;Elmerhaus von Haxthausen, Moritz Maria;male;1775;-;-;-
Moritz von Dietrichstein;116113669;https://de.wikipedia.org/wiki/Moritz_von_Dietrichstein;lassberg-correspondent-0312;Dietrichstein, Moritz von;male;1775;Gelehrter,Komponist,Bibliothekar,Militär,Theaterintendant;4;-
Burckhardt, Emanuel;1089905092;-;lassberg-correspondent-0048;Burckhardt, Emanuel;male;1776;Unternehmer,Ratsherr;-;-
Friedrich Hermann Otto von Hohenzollern-Hechingen;116957174;https://de.wikipedia.org/wiki/Friedrich_%28Hohenzollern-Hechingen%29;lassberg-correspondent-0120;Hohenzollern-Hechingen, Friedrich von;male;1776;Offizier;-;-
Heinrich Remigius Sauerländer;119138425;https://de.wikipedia.org/wiki/Heinrich_Remigius_Sauerl%C3%A4nder_(Verleger,_1776);lassberg-correspondent-0152;Sauerländer, Heinrich Remigius;male;1776;Verleger,Drucker,Buchhändler;-;-
Joseph Görres;11854019X;https://de.wikipedia.org/wiki/Joseph_G%C3%B6rres;lassberg-correspondent-0231;Görres, Joseph von;male;1776;Historiker,Publizist;10;Prof.
Johann Nepomuk Vanotti;117346608;https://de.wikipedia.org/wiki/Johann_Nepomuk_Vanotti;lassberg-correspondent-0214;Vanotti, Johann Nepomuk von;male;1777;Pfarrer,Historiker,Katholischer Theologe;2;Dr. theol.
Johann August Zeune;116984465;https://de.wikipedia.org/wiki/Johann_August_Zeune;lassberg-correspondent-0184;Zeune, August;male;1778;Pädagoge,Germanist,Geograf;9;Prof. Dr.
Lorenz Oken;118589717;https://de.wikipedia.org/wiki/Lorenz_Oken;lassberg-correspondent-0278;Oken, Lorenz;male;1779;Physiologe,Philosoph,Zoologe,Hochschullehrer,Naturwissenschaftler;10;Prof. Dr.
Carl Christian Gratianus;116823860;-;lassberg-correspondent-0053;Gratianus, Carl Christian;male;1780;Pfarrer;-;-
Conradin Kreutzer;11871600X;https://de.wikipedia.org/wiki/Conradin_Kreutzer;lassberg-correspondent-0069;Kreutzer, Conradin;male;1780;Komponist,Pianist,Musiklehrer,Kapellmeister,Musiker;10;-
Friedrich Heinrich von der Hagen;118829130;https://de.wikipedia.org/wiki/Friedrich_Heinrich_von_der_Hagen;lassberg-correspondent-0119;Hagen, Friedrich Heinrich von der;male;1780;Germanist,Hochschullehrer,Bibliothekar,Übersetzer,Jurist;8;Prof.
Jakob Heinrich Laupp;116755474;-;lassberg-correspondent-0173;Laupp, Jakob Heinrich;male;1780;Verleger,Buchhändler;-;-
Werner von Haxthausen;119419173;https://de.wikipedia.org/wiki/Werner_von_Haxthausen;lassberg-correspondent-0359;Haxthausen, Werner von;male;1780;Schriftsteller,Politiker;2;-
Wilhelm Martin Leberecht de Wette;118631977;https://de.wikipedia.org/wiki/Wilhelm_Martin_Leberecht_de_Wette;lassberg-correspondent-0365;Wette, Wilhelm Martin Leberecht de;male;1780;Evangelischer Theologe,Philologe,Exeget;10;Prof.
Alexius zu Bentheim und Steinfurt;116122722;https://de.wikipedia.org/wiki/Alexius_zu_Bentheim_und_Steinfurt;lassberg-correspondent-0006;Bentheim und Steinfurt, Alexis Friedrich zu;male;1781;-;-;-
Johann Rudolf Wyss;117349666;https://de.wikipedia.org/wiki/Johann_Rudolf_Wyss;lassberg-correspondent-0215;Wyss, Johann Rudolf;male;1781;Schriftsteller,Philosoph;7;-
Karl EmanuelBertschinger;1051066263;https://hls-dhs-dss.ch/de/articles/005480/2002-09-11/;lassberg-correspondent-0251;Bertschinger, Karl Emanuel;male;1781;-;-;-
Karl Hartwig Gregor von Meusebach;118733230;https://de.wikipedia.org/wiki/Karl_Hartwig_Gregor_von_Meusebach;lassberg-correspondent-0256;Meusebach, Karl Hartwig Gregor von;male;1781;Literarhistoriker,Germanist,Bibliophiler,Jurist;3;-
Faustin Ens;116506083;https://de.wikipedia.org/wiki/Faustin_Ens;lassberg-correspondent-0083;Ens, Faustin;male;1782;Lehrer,Historiker,Topograf;-;-
Johann Sulpiz Melchior Dominikus Boisserée;11851301X;https://de.wikipedia.org/wiki/Sulpiz_Boisser%C3%A9e;lassberg-correspondent-0216;Boisserée, Sulpiz;male;1783;Kunsthistoriker,Kunstsammler,Mäzen;6;-
Peter Richarz;116508922;https://de.wikipedia.org/wiki/Peter_von_Richarz;lassberg-correspondent-0322;Richarz, Peter von;male;1783;Philologe,Bischof,Politiker;7;-
Louise Cochelet;138614555;-;lassberg-correspondent-0279;Cochelet, Louise;notKnown;1783;Hofdame;-;-
Christian Wilhelm Sixt von Armin;117662585;https://lobid.org/gnd/117662585;lassberg-correspondent-0066;Armin, Christian Wilhelm Sixt von;male;1784;Diplomat;-;-
Franz Josef Waitzenegger;11711555X;https://de.wikipedia.org/wiki/Franz_Josef_Waitzenegger;lassberg-correspondent-0101;Waitzenegger, Franz Joseph;male;1784;Germanist,Priester,Archivar;5;-
Pierre Antoine Tardieu;131519808;https://de.wikipedia.org/wiki/Pierre_Antoine_Tardieu;lassberg-correspondent-0325;Tardieu, Pierre Antoine François;notKnown;1784;Kupferstecher;-;-
Jacob Grimm;118542257;https://de.wikipedia.org/wiki/Jacob_Grimm;lassberg-correspondent-0170;Grimm, Jacob;male;1785;Bibliothekar,Philologe,Schriftsteller,Historiker,Literaturwissenschaftler,Jurist,Hochschullehrer;6;Prof.
Johann Andreas Schmeller;118608533;https://de.wikipedia.org/wiki/Johann_Andreas_Schmeller;lassberg-correspondent-0182;Schmeller, Johann Andreas;male;1785;Bibliothekar,Philosoph,Germanist,Linguist,Herausgeber,Arrangeur;11;-
Karl Anton Friedrich Meinrad Fidelis von Hohenzollern-Sigmaringen;116957433;https://de.wikipedia.org/wiki/Karl_(Hohenzollern-Sigmaringen);lassberg-correspondent-0248;Karl, Hohenzollern-Sigmaringen, Fürst;male;1785;-;-;-
Lambert Büchler;117051772;-;lassberg-correspondent-0274;Büchler, Lambert;male;1785;Historiker,Publizist,Schriftsteller;-;-
Bernharda Bilharz;1184403228;-;lassberg-correspondent-0044;Bilharz, Bernharda;female;1786;Priorin,Nonne;-;-
Caroline Luise von Schaumburg-Lippe;117112887;-;lassberg-correspondent-0061;Schaumburg-Lippe, Caroline Luise von;female;1786;-;-;-
Johann Mailáth;116688912;https://de.wikipedia.org/wiki/Johann_Mail%C3%A1th;lassberg-correspondent-0208;Mailáth, Johann;male;1786;Schriftsteller,Historiker,Übersetzer;18;-
Justinus Kerner;118561545;https://de.wikipedia.org/wiki/Justinus_Kerner;lassberg-correspondent-0242;Kerner, Justinus;male;1786;Librettist,Arzt,Schriftsteller;10;Dr.
Karl Mayer;11921895X;https://en.wikipedia.org/wiki/Karl_Mayer_%28poet%29;lassberg-correspondent-0262;Mayer, Karl;male;1786;Lyriker,Jurist,Schriftsteller;5;-
Wilhelm Grimm;118542265;https://de.wikipedia.org/wiki/Wilhelm_Grimm;lassberg-correspondent-0362;Grimm, Wilhelm;male;1786;Bibliothekar,Germanist,Schriftsteller,Jurist,Philologe;13;Prof.
Sophie von Haxthausen;11655259X;-;lassberg-correspondent-0341;Haxthausen, Sophie von;female;1787;-;-;-
Hurter, Friedrich von;118708244;https://de.wikipedia.org/wiki/Friedrich_Emanuel_von_Hurter;lassberg-correspondent-0167;Hurter, Friedrich von;male;1787;Historiker,Theologe;20;-
Johann Caspar von Orelli;118787179;https://de.wikipedia.org/wiki/Johann_Caspar_von_Orelli;lassberg-correspondent-0192;Orelli, Johann Kaspar von;male;1787;Schriftsteller,Theologe,Klassischer Philologe,Pfarrer;5;Prof.
Ludwig Friedrich Fues;116854456;-;lassberg-correspondent-0282;Fues, Ludwig Friedrich;male;1787;Buchhändler,Verleger,Drucker;-;-
Ludwig Uhland;118625063;https://de.wikipedia.org/wiki/Ludwig_Uhland;lassberg-correspondent-0288;Uhland, Ludwig;male;1787;Jurist,Abgeordneter,Literarhistoriker,Politiker,Hochschullehrer,Germanist,Librettist,Schriftsteller;8;Dr.
Bernhard Zeerleder;116968095;https://de.wikipedia.org/wiki/Bernhard_Zeerleder;lassberg-correspondent-0043;Zeerleder, Bernhard von;male;1788;Politiker;-;-
Friedrich Carl von und zu Brenken;116484985;https://de.wikipedia.org/wiki/Friedrich_Carl_von_und_zu_Brenken;lassberg-correspondent-0113;Brenken, Friedrich Karl Dominik von und zu;male;1790;Politiker;-;-
Karl Leopold I. Friedrich von Baden;118965123;https://de.wikipedia.org/wiki/Leopold_(Baden);lassberg-correspondent-0261;Leopold I., Baden, Großherzog;male;1790;-;-;-
Wilhelm Ambrosius Barth;116119578;https://de.wikipedia.org/wiki/Wilhelm_Ambrosius_Barth;lassberg-correspondent-0360;Barth, Wilhelm Ambrosius;male;1790;Verleger,Buchhändler;-;-
Leopoldine zu Hohenlohe-Waldenburg-Schillingsfürst;116956070;-;lassberg-correspondent-0276;Hohenlohe-Waldenburg-Schillingsfürst, Leopoldine zu;female;1791;-;-;-
Ernst Julius Leichtlen;116878479;https://de.wikipedia.org/wiki/Ernst_Julius_Leichtlen;lassberg-correspondent-0082;Leichtlen, Ernst Julius;male;1791;Archivar,Historiker;4;-
Joseph Eiselein;116426292;https://de.wikipedia.org/wiki/Joseph_Eiselein;lassberg-correspondent-0229;Eiselein, Joseph;male;1791;Bibliothekar,Schriftsteller,Gymnasiallehrer;10;-
Ludwig Kraft Ernst Karl Fürst zu Oettingen-Oettingen und Oettingen-Wallerstein;118589555;https://de.wikipedia.org/wiki/Ludwig_(Oettingen-Wallerstein);lassberg-correspondent-0285;Oettingen-Wallerstein, Ludwig zu;male;1791;Kunstsammler,Minister,Politiker,Regierungspräsident;6;-
Samuel Amsler;116010991;https://de.wikipedia.org/wiki/Samuel_Amsler;lassberg-correspondent-0335;Amsler, Samuel;male;1791;Kupferstecher,Künstler;2;-
August von Haxthausen;118547305;https://de.wikipedia.org/wiki/August_Franz_von_Haxthausen;lassberg-correspondent-0029;Haxthausen, August von;male;1792;Volkswirt,Schriftsteller,Jurist,Landwirt,Agrarwissenschaftler,Sammler;9;-
Franz Hurter;117071056;https://hls-dhs-dss.ch/de/articles/030345/2007-10-30/;lassberg-correspondent-0099;Hurter, Franz;male;1792;Verleger,Drucker;-;-
Gustav Friedrich Haenel;115643141;https://de.wikipedia.org/wiki/Gustav_Friedrich_H%C3%A4nel;lassberg-correspondent-0144;Haenel, Gustav Friedrich;male;1792;Hochschullehrer,Jurist,Historiker;10;Prof. Dr. jur. habil.
Gustav Schwab;118762745;https://de.wikipedia.org/wiki/Gustav_Schwab;lassberg-correspondent-0145;Schwab, Gustav;male;1792;Evangelischer Theologe,Gymnasiallehrer,Pfarrer,Klassischer Philologe,Schriftsteller,Literarhistoriker;8;Prof. Dr. theol. h.c.
Wilhelm Ludwig August, Prinz von Baden;101798393;https://de.wikipedia.org/wiki/Wilhelm_von_Baden_(1792%E2%80%931859);lassberg-correspondent-0363;Wilhelm, Baden, Markgraf;male;1792;Landwirt,Politiker,Kommandeur;-;-
Heinrich von Hennenhofer;116711353;https://de.wikipedia.org/wiki/Johann_Heinrich_David_von_Hennenhofer;lassberg-correspondent-0153;Hennenhofer, Heinrich von;male;1793;Diplomat,Major;-;-
Johann Daniel Wilhelm Hartmann;10058019X;https://de.wikipedia.org/wiki/Johann_Daniel_Wilhelm_Hartmann;lassberg-correspondent-0196;Hartmann, Wilhelm;male;1793;Künstler;1;-
Johann Heinrich Nepomuk Schreiber;118610694;https://de.wikipedia.org/wiki/Heinrich_Schreiber_(Historiker);lassberg-correspondent-0200;Schreiber, Heinrich;male;1793;Dozent,Hochschullehrer,Historiker,Schriftsteller,Bibliothekar,Publizist,Theologe;5;Prof. Dr. phil. Dr. theol. h.c.
Joseph Eutych Kopp;113668961;https://de.wikipedia.org/wiki/Joseph_Eutych_Kopp;lassberg-correspondent-0230;Kopp, Joseph Eutychius;male;1793;Philologe,Historiker,Pädagoge,Politiker;4;-
Karl Lachmann;118568558;https://de.wikipedia.org/wiki/Karl_Lachmann;lassberg-correspondent-0260;Lachmann, Karl;male;1793;Hochschullehrer,Gymnasiallehrer,Klassischer Philologe,Germanist;11;Prof.
Ludowine von Haxthausen;11655245X;-;lassberg-correspondent-0280;Haxthausen, Ludowine von;female;1794;Kanonissen;-;-
Adolf Ludwig Follen;116646772;https://de.wikipedia.org/wiki/Adolf_Ludwig_Follen;lassberg-correspondent-0004;Follen, August Adolf Ludwig;male;1794;Schriftsteller,Philosoph,Philologe;4;-
Carl Jäger;104288507;https://de.wikipedia.org/wiki/Karl_Friedrich_Jaeger;lassberg-correspondent-0056;Jäger, Carl;male;1794;Theologe,Pfarrer,Historiker;8;-
Casimir Pfyffer von Altishofen;11874092X;https://de.wikipedia.org/wiki/Casimir_Pfyffer;lassberg-correspondent-0062;Pfyffer von Altishofen, Kasimir;male;1794;Jurist,Publizist,Politiker;6;Dr.
Franz von Elger;1051119707;https://lobid.org/gnd/1051119707;lassberg-correspondent-0110;Elgger, Franz von;male;1794;Militärschriftsteller,Maler,Lithograf,Offizier;-;-
Ludwig Hassenpflug;119237644;https://de.wikipedia.org/wiki/Ludwig_Hassenpflug;lassberg-correspondent-0283;Hassenpflug, Ludwig;male;1794;Politiker;-;-
Amalie Christine zu Fu?rstenberg;136284116;https://en.wikipedia.org/wiki/Amalie_of_Baden;lassberg-correspondent-0010;Fürstenberg, Amalie Christine zu;female;1795;-;-;-
Jenny von Droste zu Hülshoff;118527541;https://de.wikipedia.org/wiki/Jenny_von_Droste_zu_H%C3%BClshoff;lassberg-correspondent-0176;Laßberg, Jenny von;female;1795;-;-;-
Georg Heinrich Pertz;118592858;https://de.wikipedia.org/wiki/Georg_Heinrich_Pertz;lassberg-correspondent-0137;Pertz, Georg Heinrich;male;1795;Bibliothekar,Redakteur,Historiker;1;-
Karl Pfaff;116140410;https://de.wikipedia.org/wiki/Karl_Pfaff_(P%C3%A4dagoge);lassberg-correspondent-0263;Pfaff, Karl;male;1795;Gymnasiallehrer,Historiker,Sänger,Kirchenhistoriker;12;Dr. phil.
Franz Josef Mone;118861476;https://de.wikipedia.org/wiki/Franz_Josef_Mone;lassberg-correspondent-0100;Mone, Franz Joseph;male;1796;Archivar,Germanist,Historiker;9;Prof. Dr. phil.
Josef von Bergmann;116133147;https://de.wikipedia.org/wiki/Josef_von_Bergmann;lassberg-correspondent-0223;Bergmann, Joseph;male;1796;Historiker,Numismatiker,Genealoge;4;-
Annette von Droste-Hülshoff;118527533;https://de.wikipedia.org/wiki/Annette_von_Droste-H%C3%BClshoff;lassberg-correspondent-0018;Droste-Hülshoff, Annette von;female;1797;Komponistin,Zeichnerin,Librettistin,Schriftstellerin;-;-
Dieterich von Bocholtz;116213361;https://de.wikipedia.org/wiki/Dieterich_von_Bocholtz;lassberg-correspondent-0073;Bocholtz-Meschede, Dietrich Werner von;male;1797;Politiker;-;-
Franz Simon von Pfaffenhofen;1019684615;https://de.wikipedia.org/wiki/Franz_Simon_von_Pfaffenhofen;lassberg-correspondent-0108;Pfaffenhofen, Franz Simon von;male;1797;Beamter,Kunstsammler,Museumsdirektor,Numismatiker,Freiherr,Kunsthistoriker;-;-
Johann Adam Pupikofer;11565108X;https://de.wikipedia.org/wiki/Johann_Adam_Pupikofer;lassberg-correspondent-0179;Pupikofer, Johann Adam;male;1797;Pfarrer,Archivar,Historiker,Bibliothekar;8;-
Elisabetha von Orelli-Ganz;1089484879;-;lassberg-correspondent-0077;Orelli-Ganz, Elisabetha von;notKnown;1797;-;-;-
August von Arnswaldt;116352612;https://de.wikipedia.org/wiki/August_von_Arnswaldt;lassberg-correspondent-0027;Arnswaldt, August Friedrich Ernst von;male;1798;Schriftsteller,Theologe;1;-
Carl Gustav Abel;116001410;-;lassberg-correspondent-0054;Abel, Gustav;male;1798;-;-;-
Franz Becker;11610290X;-;lassberg-correspondent-0094;Becker, Franz;male;1798;Prediger,Theologe;-;-
Franz Karl Grieshaber;102502684;https://de.wikipedia.org/wiki/Franz_Karl_Grieshaber;lassberg-correspondent-0105;Grieshaber, Franz Karl;male;1798;Katholischer Theologe,Philologe,Priester,Gymnasiallehrer;-;Dr.
Friedrich von Laßberg;100557929;https://de.wikipedia.org/wiki/Friedrich_von_La%C3%9Fberg;lassberg-correspondent-0124;Laßberg, Friedrich von;male;1798;Verwaltungsbeamter;1;Dr. jur.
Georg Heinrich Krieg von Hochfelden;116536462;https://de.wikipedia.org/wiki/Georg_Heinrich_Krieg_von_Hochfelden;lassberg-correspondent-0135;Krieg von Hochfelden, Georg Heinrich;male;1798;Militärschriftsteller,Generalmajor;5;-
Joseph von Auffenberg;11850505X;https://de.wikipedia.org/wiki/Joseph_von_Auffenberg;lassberg-correspondent-0238;Auffenberg, Joseph von;male;1798;Offizier,Jurist,Schriftsteller,Dramatiker;11;-
Melchior von Diepenbrock;118678302;https://de.wikipedia.org/wiki/Melchior_Diepenbrock;lassberg-correspondent-0309;Diepenbrock, Melchior von;male;1798;Katholischer Theologe,Priester,Fürstbischof,Übersetzer,Kardinal,Schriftsteller;10;-
Werner von Droste-Hülshoff;117751758;https://de.wikipedia.org/wiki/Werner-Constantin_von_Droste_zu_H%C3%BClshoff;lassberg-correspondent-0358;Droste-Hülshoff, Werner von;male;1798;Gutsherr,Politiker;-;-
Wolfgang Menzel;118580949;https://en.wikipedia.org/wiki/Wolfgang_Menzel;lassberg-correspondent-0369;Menzel, Wolfgang;male;1798;Schriftsteller,Redakteur,Lehrer,Abgeordneter,Historiker,Literarhistoriker;9;-
Georges Frédéric Schutzenberger;117152382;https://fr.wikipedia.org/wiki/Georges_Sch%C3%BCtzenberger;lassberg-correspondent-0138;Schützenberger, Frédéric;male;1799;-;2;-
Jodocus Stülz;117356662;https://www.deutsche-biographie.de/pnd117356662.html;lassberg-correspondent-0178;Stülz, Jodocus;male;1799;Theologe,Prälat,Historiker,Archivar;3;-
Johann Heinrich Tanner;1060060795;https://de.wikipedia.org/wiki/Johann_Heinrich_Tanner;lassberg-correspondent-0201;Tanner, Johann Heinrich;male;1799;Textilhandel,Politiker;-;-
Johann Kaspar Mörikofer;11708820X;https://de.wikipedia.org/wiki/Johann_Kaspar_M%C3%B6rikofer;lassberg-correspondent-0205;Mörikofer, Johann Caspar;male;1799;Pädagoge,Historiker;6;-
Thomas Bornhauser;133373177;https://de.wikipedia.org/wiki/Thomas_Bornhauser;lassberg-correspondent-0350;Bornhauser, Thomas;male;1799;Politiker,Pfarrer,Theologe,Publizist,Schriftsteller;6;-
Ferdinand Keller;100732917;https://de.wikipedia.org/wiki/Ferdinand_Keller_(Altertumsforscher);lassberg-correspondent-0087;Keller, Ferdinand;male;1800;Archäologe,Prähistoriker;10;Dr. phil. h.c.
Anna von Arnswaldt;116352604;https://de.wikipedia.org/wiki/Anna_von_Arnswaldt;lassberg-correspondent-0017;Arnswaldt, Anna von;female;1801;-;-;-
Andreas Eigner;116418842;https://de.wikipedia.org/wiki/Andreas_Eigner;lassberg-correspondent-0014;Eigner, Andreas;male;1801;Lehrer;1;-
Franz Ludwig Philipp Schenk von Stauffenberg;117223638;https://de.wikipedia.org/wiki/Franz_Ludwig_Philipp_Schenk_von_Stauffenberg;lassberg-correspondent-0106;Schenk von Stauffenberg, Franz;male;1801;Generalleutnant,Politiker;-;-
Friedrich Freiherr von Bernhard;101049692;-;lassberg-correspondent-0114;Bernhard, Friedrich von;male;1801;Hochschullehrer,Jurist;7;-
Hans von und zu Aufseß;118848526;https://de.wikipedia.org/wiki/Hans_von_und_zu_Aufse%C3%9F;lassberg-correspondent-0147;Aufseß, Hans von und zu;male;1801;Jurist,Historiker;14;-
Heinrich Eduard Kausler;116078758;-;lassberg-correspondent-0149;Kausler, Heinrich Eduard;male;1801;Germanist,Historiker,Archivar;5;-
Johann HeinrichMaurer;116856092;https://hls-dhs-dss.ch/de/articles/042993/2008-08-22/;lassberg-correspondent-0202;Maurer von Constant, Johann Heinrich;male;1801;Historiker,Bibliothekar,Pfarrer,Lehrer;4;-
Ludwig Stantz;1059654679;https://de.wikipedia.org/wiki/Ludwig_Stantz;lassberg-correspondent-0287;Stantz, Ludwig;male;1801;-;-;-
August Ludwig Reyscher;11874478X;https://de.wikipedia.org/wiki/August_Ludwig_Reyscher;lassberg-correspondent-0025;Reyscher, August Ludwig;male;1802;Politiker,Jurist;11;-
Friedrich Hoffstadt;116943343;https://de.wikipedia.org/wiki/Friedrich_Hoffstadt;lassberg-correspondent-0121;Hoffstadt, Friedrich;male;1802;Jurist,Künstler,Violoncellist;2;-
Heinrich Bernhard von Andlaw-Birseck;118502859;https://de.wikipedia.org/wiki/Heinrich_Bernhard_von_Andlaw-Birseck;lassberg-correspondent-0148;Andlaw-Birseck, Heinrich Bernhard von;male;1802;Politiker;2;-
HeinrichMeyer;117559180;https://hls-dhs-dss.ch/de/articles/031433/2008-11-11/;lassberg-correspondent-0155;Meyer, Heinrich;male;1802;Numismatiker,Direktor,Klassischer Philologe;1;-
Ludwig Ettmüller;116585986;https://de.wikipedia.org/wiki/Ludwig_Ettm%C3%BCller;lassberg-correspondent-0281;Ettmüller, Ernst Moritz Ludwig;male;1802;Germanist,Schriftsteller;9;Prof. Dr. phil.
August von Bayer;116096926;https://de.wikipedia.org/wiki/August_von_Bayer;lassberg-correspondent-0028;Bayer, August von;male;1803;Konservator,Maler,Architekt;14;-
Gallus Morel;117143308;https://en.wikipedia.org/wiki/Gall_Morel;lassberg-correspondent-0130;Morel, Gallus;male;1803;Katholischer Theologe,Bibliothekar,Philologe;3;-
Karl Wegelin;118050885;https://www.deutsche-biographie.de/pnd118050885.html;lassberg-correspondent-0266;Wegelin, Carl;male;1803;-;4;-
Wilhelm Füssli;116847638;https://de.wikipedia.org/wiki/Wilhelm_F%C3%BCssli_%28Politiker%29;lassberg-correspondent-0361;Füssli, Wilhelm;male;1803;Politiker,Kunsthistoriker,Richter;-;-
Gerold Ludwig Meyer von Knonau;100372724;https://de.wikipedia.org/wiki/Gerold_Meyer_von_Knonau_(Archivar);lassberg-correspondent-0140;Meyer von Knonau, Gerold Ludwig;male;1804;Archivar,Geograf,Historiker;10;-
Christoph Friedrich von Stälin;117202797;https://de.wikipedia.org/wiki/Christoph_Friedrich_von_St%C3%A4lin;lassberg-correspondent-0067;Stälin, Christoph Friedrich von;male;1805;Historiker,Bibliothekar;3;-
Joseph Wintermantel;11741087X;-;lassberg-correspondent-0241;Wintermantel, Joseph;male;1805;Archivar;-;-
August Naef;101891733;https://de.wikipedia.org/wiki/August_Naef;lassberg-correspondent-0026;Naef, August;male;1806;Stadtschreiber,Politiker;1;-
Karl Halling;116412720;-;lassberg-correspondent-0255;Halling, Karl;male;1806;Historiker;-;-
Ottmar Friedrich Heinrich Schönhuth;116868546;https://de.wikipedia.org/wiki/Ottmar_Sch%C3%B6nhuth;lassberg-correspondent-0317;Schönhuth, Ottmar Friedrich Heinrich;male;1806;Pfarrer,Evangelischer Theologe,Historiker,Schriftsteller,Theologe;10;-
Titus Tobler;117402656;https://de.wikipedia.org/wiki/Titus_Tobler;lassberg-correspondent-0351;Tobler, Titus;male;1806;Politiker,Arzt,Forschungsreisender,Geograf;10;-
Wilhelm Wackernagel;118805851;https://de.wikipedia.org/wiki/Wilhelm_Wackernagel;lassberg-correspondent-0367;Wackernagel, Wilhelm;male;1806;Gymnasiallehrer,Germanist,Freimaurer,Schriftsteller;9;Prof.
Carl Johann Greith;100487483;https://de.wikipedia.org/wiki/Carl_Johann_Greith;lassberg-correspondent-0057;Greith, Carl Johann;male;1807;Bischof,Katholischer Theologe,Hochschullehrer;2;-
Constantin von Waldburg-Zeil;119393646;https://de.wikipedia.org/wiki/Constantin_von_Waldburg-Zeil;lassberg-correspondent-0070;Waldburg-Zeil-Trauchburg, Konstantin von;male;1807;-;-;-
Georges-Auguste Matile;116838248;-;lassberg-correspondent-0139;Matile, George Auguste;male;1807;Bibliothekar,Jurist;5;-
Hermann von Liebenau;116987650;https://de.wikipedia.org/wiki/Hermann_von_Liebenau;lassberg-correspondent-0160;Liebenau, Hermann von;male;1807;Arzt,Historiker;-;Dr. med.
Friedrich Fürst von Waldburg zu Wolfegg und Waldsee;1018639683;https://de.wikipedia.org/wiki/Friedrich_von_Waldburg-Wolfegg-Waldsee;lassberg-correspondent-0115;Waldburg-Wolfegg-Waldsee, Friedrich von;male;1808;Standesherr;-;-
Friedrich von Waldburg-Wolfegg-Waldsee;1018639683;https://de.wikipedia.org/wiki/Friedrich_von_Waldburg-Wolfegg-Waldsee;lassberg-correspondent-0125;Waldburg-Wolfegg-Waldsee, Friedrich von;male;1808;Standesherr;-;-
Johann Caspar Bluntschli;118512129;https://de.wikipedia.org/wiki/Johann_Caspar_Bluntschli;lassberg-correspondent-0191;Bluntschli, Johann Caspar;male;1808;Jurist,Politiker;6;Prof. Dr.
Amalie von Heeremann-Zuydtwik;116565217;-;lassberg-correspondent-0011;Heeremann-Zuydtwik, Amalie von;female;1809;Ordensschwester;-;-
Albert Lucian Constans Schott;11692313X;https://de.wikipedia.org/wiki/Albert_Schott_(Volkskundler);lassberg-correspondent-0005;Schott, Albert;male;1809;Historiker,Linguist,Gymnasiallehrer;6;-
Emil Braun;116415738;https://de.wikipedia.org/wiki/Emil_Braun;lassberg-correspondent-0079;Braun, Emil;male;1809;Archäologe,Bibliothekar,Kunsthistoriker;10;-
Achille Jubinal;117212997;https://de.wikipedia.org/wiki/Achille_Jubinal;lassberg-correspondent-0001;Jubinal, Achille;male;1810;Romanist,Mediävist,Politiker,Schriftsteller,Literarhistoriker;10;-
Bernhard von Meyer;117555800;https://de.wikipedia.org/wiki/Bernhard_Meyer_%28Politiker%2C_1810%29;lassberg-correspondent-0042;Meyer, Bernhard von;male;1810;Politiker;-;-
Friedrich Anton Leopold Reuß;116453737;https://www.deutsche-biographie.de/sfz105389.html;lassberg-correspondent-0112;Reuß, Friedrich Anton;male;1810;Arzt,Philologe,Bibliothekar;10;-
Hermann Reuchlin;116450606;https://de.wikipedia.org/wiki/Hermann_Reuchlin;lassberg-correspondent-0158;Reuchlin, Hermann;male;1810;Pfarrer,Historiker;-;-
Karl Alois Fickler;116490667;https://de.wikipedia.org/wiki/Karl_Alois_Fickler;lassberg-correspondent-0247;Fickler, Carl Borromäus Alois;male;1810;Lehrer,Historiker;7;-
Theodor Georg von Karajan;121409406;https://de.wikipedia.org/wiki/Theodor_von_Karajan;lassberg-correspondent-0346;Karajan, Theodor Georg von;male;1810;Germanist,Bibliothekar,Historiker;9;Prof.
Johannes Friedrich Lange;116688629;https://de.wikipedia.org/wiki/Friedrich_Lange_%28Architekt%29;lassberg-correspondent-0219;Lange, Johannes Friedrich;male;1811;Kunsterzieher,Architekt;-;-
Karl Anton Joachim Zephyrinus Friedrich Meinrad von Hohenzollern;131601598;https://de.wikipedia.org/wiki/Karl_Anton_(Hohenzollern);lassberg-correspondent-0249;Hohenzollern-Sigmaringen, Karl Anton, Fürst von;male;1811;Politiker,Jurist;-;-
Karl Ferdinand Haltaus;100813984;https://de.wikipedia.org/wiki/Karl_Ferdinand_Haltaus;lassberg-correspondent-0252;Haltaus, Karl Ferdinand;male;1811;Schriftsteller,Lehrer,Historiker;6;-
Ludwig Schmid;117502189;https://de.wikipedia.org/wiki/Ludwig_Schmid_(Historiker);lassberg-correspondent-0286;Schmid, Ludwig;male;1811;Historiker,Lehrer;10;-
Theodor Herberger;116728205;https://www.deutsche-biographie.de/sfz29876.html;lassberg-correspondent-0347;Herberger, Theodor;male;1811;Archivar,Historiker;7;-
Traugott Märcker;100838995;https://de.wikipedia.org/wiki/Traugott_M%C3%A4rcker;lassberg-correspondent-0352;Märcker, Traugott;male;1811;Redakteur,Archivar,Historiker;-;-
Engelhard Wihard;115901583X ;-;lassberg-correspondent-0080;Wihard, Engelhard;notKnown;1811;-;1;-
Elise Friedrike Felicitas Freiin von Hohenhausen;119035987;https://de.wikipedia.org/wiki/Elise_von_Hohenhausen_(1812%E2%80%931899);lassberg-correspondent-0078;Hohenhausen, Elise von;female;1812;Übersetzerin,Schriftstellerin,Biografin;1;-
Adelbert von Keller;118831216;https://de.wikipedia.org/wiki/Adelbert_von_Keller;lassberg-correspondent-0002;Keller, Adelbert von;male;1812;Romanist,Linguist,Germanist,Philologe,Bibliothekar;9;Prof. Dr.
Maximilian von Lassberg;116004169;https://de.wikipedia.org/wiki/Maximilian_von_La%C3%9Fberg;lassberg-correspondent-0303;Lassberg, Maximilian von;male;1813;Postbeamter;-;-
Friedrich-Karl zu Hohenlohe-Waldenburg;107892758;https://de.wikipedia.org/wiki/Friedrich_Karl_I._zu_Hohenlohe-Waldenburg-Schillingsf%C3%BCrst;lassberg-correspondent-0128;Hohenlohe-Waldenburg, Friedrich-Karl zu;male;1814;Heraldiker,Generalleutnant;6;-
Levin Schücking;118762109;https://de.wikipedia.org/wiki/Levin_Sch%C3%BCcking;lassberg-correspondent-0277;Schücking, Levin;male;1814;Schriftsteller,Publizist,Redakteur;10;-
Franz Viktor Pfeiffer;118740776;https://de.wikipedia.org/wiki/Franz_Pfeiffer_(Germanist);lassberg-correspondent-0109;Pfeiffer, Franz;male;1815;Philologe,Germanist,Bibliothekar,Literaturwissenschaftler;9;Prof. Dr.
Georg Heinrich Merz;116912650;https://de.wikipedia.org/wiki/Georg_Heinrich_von_Merz;lassberg-correspondent-0136;Merz, Heinrich;male;1816;Prälat,Redakteur,Evangelischer Theologe;9;Dr. phil.
Leonhard Hohbach;1166219461;-;lassberg-correspondent-0275;Hohbach, Leonhard;male;1816;Kunsterzieher,Fotograf,Maler;-;-
Egbert Friedrich von Mülinen;101397593;https://de.wikipedia.org/wiki/Egbert_Friedrich_von_M%C3%BClinen;lassberg-correspondent-0075;Mülinen, Egbert Friedrich von;male;1817;Historiker,Privatgelehrter;2;-
Friedrich vonWyss;117349518;https://hls-dhs-dss.ch/de/articles/015796/2013-11-28/;lassberg-correspondent-0126;Wyss, Friedrich von;male;1818;Jurist;6;Prof.
Reinhard Franz Carl Dominik Freiherr von und zu Brenken;116485043;https://de.wikipedia.org/wiki/Reinhard_Franz_von_und_zu_Brenken;lassberg-correspondent-0329;Brenken, Reinhard von und zu;male;1818;Abgeordneter,Kämmerer,Gutsherr,Landrat,Politiker;-;-
Karl Egon III. zu Fürstenberg;118694154;https://de.wikipedia.org/wiki/Karl_Egon_III._zu_F%C3%BCrstenberg;lassberg-correspondent-0250;Fürstenberg, Karl Egon zu;male;1820;General;-;-
Max von Madroux;11665533X;-;lassberg-correspondent-0301;Madroux, Max von;male;1820;Major;-;-
Hermann Dietrich Dominikus Freiherr von und zu Brenken;133431789;https://de.wikipedia.org/wiki/Hermann_von_und_zu_Brenken;lassberg-correspondent-0157;Brenken, Hermann Dietrich Dominikus von;notKnown;1820;Gutsherr,Politiker,Abgeordneter;-;-
Franz Joseph Schwarz;100863744;http://www.deutsche-biographie.de/pnd100863744.html#adbcontent;lassberg-correspondent-0103;Schwarz, Franz Joseph;male;1821;Katholischer Theologe,Priester,Archäologe;3;-
Hurter, Friedrich Benedikt von;117071102;-;lassberg-correspondent-0166;Hurter, Friedrich Benedikt;male;1821;Buchhändler;-;-
Wilhelm Ludwig Holland;100804713;https://de.wikipedia.org/wiki/Wilhelm_Ludwig_Holland;lassberg-correspondent-0364;Holland, Wilhelm Ludwig;male;1822;Romanist,Germanist;10;-
Karl Heinrich Leopold Freiherr Roth von Schreckenstein;116639342;https://de.wikipedia.org/wiki/Karl_Roth_von_Schreckenstein;lassberg-correspondent-0257;Roth von Schreckenstein, Karl H.;male;1823;Historiker,Kämmerer,Archivar;9;Dr. phil.
Heinrich Friedrich Otto Abel;116001917;https://de.wikipedia.org/wiki/Otto_Abel_(Historiker);lassberg-correspondent-0151;Abel, Otto;male;1824;Historiker;8;-
Rudolf Grimm;116854162;-;lassberg-correspondent-0332;Grimm, Rudolf;male;1830;Jurist;-;-
Adelrich Rothweiler;-;-;lassberg-correspondent-0003;-;male;1766;-;-;-
Aloysia von Koller;-;-;lassberg-correspondent-0009;-;female;-;-;-;-
Ambroise Zobel;-;-;lassberg-correspondent-0013;-;male;-;-;-;-
Anna Catharina (Line) Burckhardt;-;-;lassberg-correspondent-0016;-;female;1787;-;-;-
Anton Dilger;-;-;lassberg-correspondent-0021;-;male;-;-;-;-
Anton Roos;-;-;lassberg-correspondent-0022;-;male;-;-;-;-
August Gustav Riedlinger;-;-;lassberg-correspondent-0024;-;male;1812;-;-;-
Augustin Marquand;-;-;lassberg-correspondent-0030;-;male;-;-;-;-
Bachmann;-;-;lassberg-correspondent-0031;-;male;-;-;-;-
Badische Amortisationskasse;-;-;lassberg-correspondent-0032;-;CorporateBody;-;-;-;-
Badische Einnehmerei;-;-;lassberg-correspondent-0033;-;CorporateBody;-;-;-;-
Badische Zeitungsexpedition;-;-;lassberg-correspondent-0034;-;CorporateBody;-;-;-;-
Badisches Bezirksamt Meersburg;-;https://de.wikipedia.org/wiki/Bezirksamt_Meersburg;lassberg-correspondent-0035;-;CorporateBody;-;-;-;-
Bartholome Loppacher;-;-;lassberg-correspondent-0036;-;female;-;-;-;-
Baumann Freres;-;-;lassberg-correspondent-0037;-;male;-;-;-;-
Beda Iten;-;-;lassberg-correspondent-0038;-;male;-;-;-;-
Beer;-;-;lassberg-correspondent-0039;-;male;-;-;-;-
Benedikt Maria Augustin Martignoni;-;-;lassberg-correspondent-0040;-;male;1741;-;-;-
Bernhard Dettelbach;-;-;lassberg-correspondent-0041;-;male;-;-;-;-
Bersinger;-;-;lassberg-correspondent-0045;-;-;-;-;-;-
Beyel;-;-;lassberg-correspondent-0046;-;-;-;-;-;-
Brunschweiler;-;-;lassberg-correspondent-0047;-;-;-;-;-;-
Bürgermeister von Meersburg;-;-;lassberg-correspondent-0049;-;CorporateBody;-;-;-;-
Butsch;-;-;lassberg-correspondent-0050;-;-;-;-;-;-
Carl August Freiherr von Haxthausen;-;-;lassberg-correspondent-0051;-;male;-;-;-;-
Carl Hempel;-;-;lassberg-correspondent-0055;-;male;-;-;-;-
Carl Joseph Marquard Freiherr von Lassberg;-;-;lassberg-correspondent-0058;-;male;-;-;-;-
Carl Mathieu;-;-;lassberg-correspondent-0059;-;male;-;-;-;-
Charles de Voumard;-;-;lassberg-correspondent-0063;-;male;-;-;-;-
Comte de Corberon;-;-;lassberg-correspondent-0068;-;male;-;-;-;-
Didelot de François-Charles-Luce;-;-;lassberg-correspondent-0072;-;male;-;-;-;-
Domänenkanzlei;-;-;lassberg-correspondent-0074;-;CorporateBody;-;-;-;-
Fechtig;-;-;lassberg-correspondent-0084;-;-;-;-;-;-
Felix Sauter;-;-;lassberg-correspondent-0085;-;male;-;-;-;-
Ferdinand Mayer;-;-;lassberg-correspondent-0088;-;male;-;-;-;-
Franz Alban Casinone;-;-;lassberg-correspondent-0091;-;male;-;-;-;-
Franz Anton Seraphicus Graf von Harrach zu Rohrau;-;-;lassberg-correspondent-0092;-;male;-;-;-;-
Franz Eduard von Friedrich;-;-;lassberg-correspondent-0096;-;male;-;-;-;-
Franz Giradin;-;-;lassberg-correspondent-0097;-;male;-;-;-;-
Franz Henseler;-;-;lassberg-correspondent-0098;-;male;-;-;-;-
Franz Joseph Kolb;-;-;lassberg-correspondent-0102;-;male;-;-;-;-
Franz Pecher;-;-;lassberg-correspondent-0107;-;male;-;-;-;-
Franz Xaver Karl;-;-;lassberg-correspondent-0111;-;male;-;-;-;-
Friedrich Gagg;-;-;lassberg-correspondent-0116;-;male;-;-;-;-
Friedrich Karl Graf von Einsiedel;-;-;lassberg-correspondent-0122;-;male;-;-;-;-
Friedrich Konrad Bannhard;-;-;lassberg-correspondent-0123;-;male;-;-;-;-
Fürstlich Fürstenbergische Forstkammer;-;-;lassberg-correspondent-0129;-;CorporateBody;-;-;-;-
Geheime Konferenz von Hohenzollern-Sigmaringen;-;-;lassberg-correspondent-0131;-;male;-;-;-;-
Georg Brugger;-;-;lassberg-correspondent-0132;-;male;-;-;-;-
Graf Joseph Clemens von Westphalen zu Fürstenberg;-;-;lassberg-correspondent-0142;-;male;-;-;-;-
Gsell;-;-;lassberg-correspondent-0143;-;-;-;-;-;-
Hans Georg Fey;-;-;lassberg-correspondent-0146;-;male;-;-;-;-
Hieronymus Zepf;-;-;lassberg-correspondent-0162;-;male;-;-;-;-
Hofkammer;-;-;lassberg-correspondent-0165;-;CorporateBody;-;-;-;-
Jacobea von Liebenau;-;-;lassberg-correspondent-0171;-;female;-;-;-;-
Jakob Hauger;-;-;lassberg-correspondent-0172;-;male;-;-;-;-
Jakob Siegfried;-;-;lassberg-correspondent-0175;-;male;-;-;-;-
Johann Allisbach;-;-;lassberg-correspondent-0180;-;male;-;-;-;-
Johann Baptist Müller;-;-;lassberg-correspondent-0188;-;male;-;-;-;-
Johann Baptist Schmid;-;-;lassberg-correspondent-0190;-;male;-;-;-;-
Johann Franz Freiherr von Bodman;-;-;lassberg-correspondent-0197;-;male;-;-;-;-
Johann Joseph Anton von Schellenberg;-;-;lassberg-correspondent-0204;-;male;-;-;-;-
Johann Maklot;-;-;lassberg-correspondent-0209;-;male;-;-;-;-
Johann Melchior Weber;-;-;lassberg-correspondent-0211;-;male;-;-;-;-
Johann Nepomuk Bodent;-;-;lassberg-correspondent-0213;-;male;-;-;-;-
Johann Wüst;-;-;lassberg-correspondent-0217;-;male;-;-;-;-
Josef Hugard;-;-;lassberg-correspondent-0221;-;male;-;-;-;-
Joseph Anton Hungerbühler;-;-;lassberg-correspondent-0227;-;male;-;-;-;-
Joseph Kirsner;-;-;lassberg-correspondent-0232;-;male;-;-;-;-
Joseph Konrad Eckhard;-;-;lassberg-correspondent-0233;-;male;-;-;-;-
Joseph von Bayer;-;-;lassberg-correspondent-0239;-;male;-;-;-;-
Joseph Wilhelm von Gagg;-;-;lassberg-correspondent-0240;-;male;-;-;-;-
Kabinettskanzlei;-;-;lassberg-correspondent-0243;-;CorporateBody;-;-;-;-
Kaiserlich-königlich Hinterösterreichisch Ständische Kanzlei;-;-;lassberg-correspondent-0244;-;CorporateBody;-;-;-;-
Karl Albrecht III. zu Hohenlohe-Waldenburg-Schillingsfürst;-;https://de.wikipedia.org/wiki/Karl_Albrecht_III._zu_Hohenlohe-Waldenburg-Schillingsf%C3%BCrst;lassberg-correspondent-0245;-;male;-;-;-;-
Karl Franz Herzogenrath;-;-;lassberg-correspondent-0253;-;male;-;-;-;-
Karl Freiherr von Gaugreben;-;-;lassberg-correspondent-0254;-;male;-;-;-;-
Karl Widmann;-;-;lassberg-correspondent-0267;-;male;-;-;-;-
Karoline Charlotte von Ittner;-;-;lassberg-correspondent-0268;-;female;-;-;-;-
Kaspar Schulthess & Co;-;-;lassberg-correspondent-0270;-;male;-;-;-;-
L. Graf von Sobolewski;-;-;lassberg-correspondent-0273;-;male;-;-;-;-
Ludwig Wilhelm Friedrich Treusch von Buttlar-Brandenfels;-;-;lassberg-correspondent-0290;-;male;-;-;-;-
Macaire (Unternehmerfamilie);-;https://de.wikipedia.org/wiki/Macaire_(Unternehmerfamilie);lassberg-correspondent-0292;-;male;-;-;-;-
Maria Antonie Josepha Sophia Freiin von Reischach;-;-;lassberg-correspondent-0294;-;female;-;-;-;-
Maria Emilia (Emma) Gräfin von Thurn-Valsassina;-;-;lassberg-correspondent-0295;-;female;-;-;-;-
Maria Regina Waldburga Ursula Heinrika Ebinger;-;-;lassberg-correspondent-0296;-;female;-;-;-;-
Maria Tanner;-;-;lassberg-correspondent-0297;-;female;-;-;-;-
Marquard Bourz von Seethal;-;-;lassberg-correspondent-0299;-;male;-;-;-;-
Maximilian Hufschmid;-;-;lassberg-correspondent-0302;-;male;-;-;-;-
Mayer Al.;-;-;lassberg-correspondent-0305;-;-;-;-;-;-
Meersburg Gemeinderat;-;-;lassberg-correspondent-0306;-;CorporateBody;-;-;-;-
Melchior Reichlin;-;-;lassberg-correspondent-0308;-;male;-;-;-;-
Mezger;-;-;lassberg-correspondent-0310;-;-;-;-;-;-
Moucheron;-;-;lassberg-correspondent-0313;-;-;-;-;-;-
Nikolaus David Rosenlächer;-;-;lassberg-correspondent-0314;-;male;-;-;-;-
Nikolaus Leopold Enzberg;-;-;lassberg-correspondent-0315;-;male;-;-;-;-
Otto Abel;-;-;lassberg-correspondent-0318;-;male;-;-;-;-
Peter Delisle;-;-;lassberg-correspondent-0320;-;male;-;-;-;-
Peter Friedrich Freiherr Aichner von Heppenstein;-;-;lassberg-correspondent-0321;-;male;-;-;-;-
Philipp Lüthard;-;-;lassberg-correspondent-0323;-;male;-;-;-;-
Raphael von Kaula;-;-;lassberg-correspondent-0327;-;male;-;-;-;-
Regierungspräsidium;-;-;lassberg-correspondent-0328;-;CorporateBody;-;-;-;-
Rococo Jäck;-;-;lassberg-correspondent-0330;-;male;-;-;-;-
Rosine Lüthardt;-;-;lassberg-correspondent-0331;-;female;-;-;-;-
Schneider;-;-;lassberg-correspondent-0336;-;-;-;-;-;-
Silvester Meyer;-;-;lassberg-correspondent-0338;-;male;-;-;-;-
Societas Botanica Ratisbonensis;-;-;lassberg-correspondent-0339;-;CorporateBody;-;-;-;-
St. Seiler;-;-;lassberg-correspondent-0342;-;-;-;-;-;-
Stiehle;-;-;lassberg-correspondent-0343;-;-;-;-;-;-
Thurgauischer Kleiner Rat;-;-;lassberg-correspondent-0344;-;CorporateBody;-;-;-;-
Theodor Geiger;-;-;lassberg-correspondent-0345;-;male;-;-;-;-
Theodor Lüthhart;-;-;lassberg-correspondent-0348;-;male;-;-;-;-
Unbekannt;-;-;lassberg-correspondent-0354;-;-;-;-;-;-
Vaterländische Gesellschaft der Änte und Naturforscher Schwabens;-;-;lassberg-correspondent-0355;-;CorporateBody;-;-;-;-
Vorsteher der Gemeinde Erlen;-;-;lassberg-correspondent-0356;-;male;-;-;-;-
Waldburg von Laßberg;-;-;lassberg-correspondent-0357;-;male;-;-;-;-
Wilhelm Merk;-;-;lassberg-correspondent-0366;-;male;-;-;-;-
William Bone;-;-;lassberg-correspondent-0368;-;male;-;-;-;-
Xaver Merk;-;-;lassberg-correspondent-0371;-;male;-;-;-;-
Zingg;-;-;lassberg-correspondent-0372;-;-;-;-;-;-
Allgemeine Geschichtforschende Gesellschaft der Schweiz;40064-6;https://hls-dhs-dss.ch/de/articles/038329/2012-06-06/;lassberg-correspondent-0007;Allgemeine Geschichtforschende Gesellschaft der Schweiz;CorporateBody;-;-;-;-
Artaria (Verlag);2030321-X;https://de.wikipedia.org/wiki/Artaria;lassberg-correspondent-0023;Artaria und Compagnie (Wien);CorporateBody;-;-;-;-
Forstakademie Dreißigacker;7728051-9;https://de.wikipedia.org/wiki/Forstakademie_Drei%C3%9Figacker;lassberg-correspondent-0090;Forstakademie Dreißigacker;CorporateBody;-;-;-;-
Gesellschaft für Beförderung der Geschichtskunde zu Freiburg im Breisgau;64187-X;-;lassberg-correspondent-0141;Gesellschaft für Beförderung der Geschichtskunde;CorporateBody;-;-;-;-
Historischer Verein für das Württembergische Franken;2012244-5;-;lassberg-correspondent-0163;Historischer Verein für Württembergisch Franken;CorporateBody;-;-;-;-
Hofbibliothek Donaueschingen;5050100-8;https://de.wikipedia.org/wiki/Hofbibliothek_Donaueschingen;lassberg-correspondent-0164;Fürstlich Fürstenbergische Hofbibliothek;CorporateBody;-;-;-;-
Königliche Bibliothek Berlin;37101-4;https://de.wikipedia.org/wiki/Alte_Bibliothek_(Berlin);lassberg-correspondent-0272;Königliche Bibliothek zu Berlin;CorporateBody;-;-;-;-
Malteser Ritter Orden;4168735-8;-;lassberg-correspondent-0293;Malteser;CorporateBody;-;-;-;-
Orell Füssli;16077028-2;https://de.wikipedia.org/wiki/Orell_F%C3%BCssli;lassberg-correspondent-0316;Orell Füssli Holding;CorporateBody;-;-;-;-
Schweizerische Gemeinnützige Gesellschaft;124356-1;https://de.wikipedia.org/wiki/Schweizerische_Gemeinn%C3%BCtzige_Gesellschaft;lassberg-correspondent-0337;Schweizerische Gemeinnützige Gesellschaft;CorporateBody;-;-;-;-
Societas Regia Scientiarum Gottingensis;121531-0;-;lassberg-correspondent-0340;Königliche Societät der Wissenschaften zu Göttingen;CorporateBody;-;-;-;-
Württembergischer Geschichts- und Altertumsverein;2026755-1;https://de.wikipedia.org/wiki/W%C3%BCrttembergischer_Geschichts-_und_Altertumsverein;lassberg-correspondent-0370;Württembergischer Geschichts- und Altertumsverein;CorporateBody;-;-;-;-
Maximiliane Lassberg;116004177;-;lassberg-correspondent-0304;Lassberg, Maximiliane;female;-;-;-;-
Hermann von Hoevel;116933402;-;lassberg-correspondent-0159;Hoevel, Hermann von;male;-;-;-;-
Johann Michael Gampert;1037497163;-;lassberg-correspondent-0212;Gampert, Johann Michael;male;-;Verleger;-;-
Friedrich Gutermann;1157868525;-;lassberg-correspondent-0117;Gutermann, Friedrich;notKnown;-;-;1;-
Jakob Oberndorfer;1053490984;-;lassberg-correspondent-0174;Oberndorfer, Jakob;notKnown;-;-;-;-
Johann Baptist Schlosser;121127990;-;lassberg-correspondent-0189;Schlosser, Johann Baptist;notKnown;-;-;-;-
Josef Meinrad Bannhard;1229252576;-;lassberg-correspondent-0222;Bannhard, J. M.;notKnown;-;Drucker;-;-
Joseph Anton Eitenbenz;1025802616;http://www.grimmbriefwechsel.de/service/pers/pers.html;lassberg-correspondent-0226;Eitenbenz, Joseph Anton;notKnown;-;Pfarrer,Lehrer;1;-
Joseph Pius Moosbrugger;1031971246;-;lassberg-correspondent-0235;Moosbrugger, Joseph Pius;notKnown;-;Pfarrer;-;-
Ludwig von Madroux;102520011;https://d-nb.info/gnd/102520011;lassberg-correspondent-0289;Madroux, Ludwig von;notKnown;-;-;-;-
Name_voll;GND;Wiki;person_id;name_gnd;gender_gnd;birth_gnd;occupations_gnd;publications_gnd;degrees_gnd
